file_name,individual ,species,data_type,scale_factor (pxl/mm),x_coord,y_coord,scale_x,scale_y,entrance_#,notes
PXL_20250614_012202218,1,h_versuta,sensory_area,30.0082,127,1909,4.232176538,63.61594498,1,
PXL_20250614_012202218,1,h_versuta,sensory_area,30.0082,198,1798,6.598196493,59.91695603,1,
PXL_20250614_012202218,1,h_versuta,sensory_area,30.0082,300,1642,9.997267414,54.71837698,1,
PXL_20250614_012202218,1,h_versuta,sensory_area,30.0082,503,1573,16.76208503,52.41900547,1,
PXL_20250614_012202218,1,h_versuta,sensory_area,30.0082,797,1484,26.5594071,49.45314947,1,
PXL_20250614_012202218,1,h_versuta,sensory_area,30.0082,942,1520,31.39141968,50.65282156,1,
PXL_20250614_012202218,1,h_versuta,sensory_area,30.0082,1127,1666,37.55640125,55.51815837,1,
PXL_20250614_012202218,1,h_versuta,sensory_area,30.0082,1295,1544,43.154871,51.45260296,1,
PXL_20250614_012202218,1,h_versuta,sensory_area,30.0082,1388,1347,46.2540239,44.88773069,1,
PXL_20250614_012202218,1,h_versuta,sensory_area,30.0082,1491,1464,49.68641905,48.78666498,1,
PXL_20250614_012202218,1,h_versuta,sensory_area,30.0082,1855,1494,61.81643684,49.78639172,1,
PXL_20250614_012202218,1,h_versuta,sensory_area,30.0082,2107,1676,70.21414147,55.85140062,1,
PXL_20250614_012202218,1,h_versuta,sensory_area,30.0082,2021,2046,67.34825814,68.18136376,1,
PXL_20250614_012202218,1,h_versuta,sensory_area,30.0082,1613,2065,53.75197446,68.81452403,1,
PXL_20250614_012202218,1,h_versuta,sensory_area,30.0082,1435,2150,47.82026246,71.64708313,1,
PXL_20250614_012202218,1,h_versuta,sensory_area,30.0082,1590,2350,52.98551729,78.31192807,1,
PXL_20250614_012202218,1,h_versuta,sensory_area,30.0082,1716,2569,57.18436961,85.60993328,1,
PXL_20250614_012202218,1,h_versuta,sensory_area,30.0082,1738,2713,57.91750255,90.40862164,1,
PXL_20250614_012202218,1,h_versuta,sensory_area,30.0082,1512,2603,50.38622776,86.74295693,1,
PXL_20250614_012202218,1,h_versuta,sensory_area,30.0082,1310,2798,43.65473437,93.24118074,1,
PXL_20250614_012202218,1,h_versuta,sensory_area,30.0082,1085,2587,36.15678381,86.20976933,1,
PXL_20250614_012202218,1,h_versuta,sensory_area,30.0082,846,2548,28.19229411,84.91012457,1,
PXL_20250614_012202218,1,h_versuta,sensory_area,30.0082,472,2556,15.72903406,85.17671836,1,
PXL_20250614_012202218,1,h_versuta,sensory_area,30.0082,349,2207,11.63015442,73.54656394,1,
PXL_20250614_012202218,1,h_versuta,capture_area,30.0082,924,1838,30.79158363,61.24992502,1,
PXL_20250614_012202218,1,h_versuta,capture_area,30.0082,928,1936,30.92488053,64.51569904,1,
PXL_20250614_012202218,1,h_versuta,capture_area,30.0082,840,1988,27.99234876,66.24855873,1,
PXL_20250614_012202218,1,h_versuta,capture_area,30.0082,839,2071,27.95902453,69.01446938,1,
PXL_20250614_012202218,1,h_versuta,capture_area,30.0082,819,2143,27.29254004,71.41381356,1,
PXL_20250614_012202218,1,h_versuta,capture_area,30.0082,939,2159,31.291447,71.94700115,1,
PXL_20250614_012202218,1,h_versuta,capture_area,30.0082,847,2278,28.22561833,75.91258389,1,
PXL_20250614_012202218,1,h_versuta,capture_area,30.0082,939,2306,31.291447,76.84566219,1,
PXL_20250614_012202218,1,h_versuta,capture_area,30.0082,1055,2298,35.15705707,76.57906839,1,
PXL_20250614_012202218,1,h_versuta,capture_area,30.0082,1091,2195,36.35672916,73.14667324,1,
PXL_20250614_012202218,1,h_versuta,capture_area,30.0082,1133,2194,37.7563466,73.11334902,1,
PXL_20250614_012202218,1,h_versuta,capture_area,30.0082,1195,2324,39.82244853,77.44549823,1,
PXL_20250614_012202218,1,h_versuta,capture_area,30.0082,1244,2266,41.45533554,75.5126932,1,
PXL_20250614_012202218,1,h_versuta,capture_area,30.0082,1389,2356,46.28734812,78.51187342,1,
PXL_20250614_012202218,1,h_versuta,capture_area,30.0082,1453,2282,48.42009851,76.04588079,1,
PXL_20250614_012202218,1,h_versuta,capture_area,30.0082,1419,2163,47.28707487,72.08029805,1,
PXL_20250614_012202218,1,h_versuta,capture_area,30.0082,1348,2060,44.92105491,68.64790291,1,
PXL_20250614_012202218,1,h_versuta,capture_area,30.0082,1454,2016,48.45342273,67.18163702,1,
PXL_20250614_012202218,1,h_versuta,capture_area,30.0082,1469,1953,48.9532861,65.08221086,1,
PXL_20250614_012202218,1,h_versuta,capture_area,30.0082,1451,1907,48.35345006,63.54929653,1,
PXL_20250614_012202218,1,h_versuta,capture_area,30.0082,1395,1845,46.48729347,61.48319459,1,
PXL_20250614_012202218,1,h_versuta,capture_area,30.0082,1273,1783,42.42173806,59.41709266,1,
PXL_20250614_012202218,1,h_versuta,capture_area,30.0082,1151,1750,38.35618264,58.31739325,1,
PXL_20250614_012202218,1,h_versuta,capture_area,30.0082,1121,1936,37.3564559,64.51569904,1,
PXL_20250614_012202218,1,h_versuta,capture_area,30.0082,1060,1843,35.32367819,61.41654614,1,
PXL_20250614_012202218,1,h_versuta,capture_area,30.0082,1005,1833,33.49084584,61.0833039,1,
PXL_20250614_012202218,1,h_versuta,entrance_width,30.0082,442,2795,14.72930732,93.14120807,1,
PXL_20250614_012202218,1,h_versuta,entrance_width,30.0082,588,2799,19.59464413,93.27450497,1,
PXL_20250614_004302256,2,h_versuta,sensory_area,15.8114,1695,2658,107.2011334,168.106556,1,
PXL_20250614_004302256,2,h_versuta,sensory_area,15.8114,2055,2367,129.9695157,149.7021137,1,
PXL_20250614_004302256,2,h_versuta,sensory_area,15.8114,2265,2163,143.251072,136.8000304,1,
PXL_20250614_004302256,2,h_versuta,sensory_area,15.8114,2256,1494,142.6818625,94.48878657,1,
PXL_20250614_004302256,2,h_versuta,sensory_area,15.8114,2094,912,132.4360904,57.67990184,1,
PXL_20250614_004302256,2,h_versuta,sensory_area,15.8114,1901,457,120.2297077,28.90319643,1,
PXL_20250614_004302256,2,h_versuta,sensory_area,15.8114,1155,335,73.0485599,21.18724465,1,
PXL_20250614_004302256,2,h_versuta,sensory_area,15.8114,892,43,56.41499171,2.719556775,1,
PXL_20250614_004302256,2,h_versuta,sensory_area,15.8114,84,228,5.312622538,14.41997546,1,
PXL_20250614_004302256,2,h_versuta,sensory_area,15.8114,6,822,0.379473038,51.98780627,1,
PXL_20250614_004302256,2,h_versuta,sensory_area,15.8114,12,1734,0.758946077,109.6677081,1,
PXL_20250614_004302256,2,h_versuta,sensory_area,15.8114,34,2596,2.150347218,164.1853346,1,
PXL_20250614_004302256,2,h_versuta,sensory_area,15.8114,352,2920,22.26241826,184.6768787,1,
PXL_20250614_004302256,2,h_versuta,sensory_area,15.8114,796,2900,50.3434231,183.4119686,1,
PXL_20250614_004302256,2,h_versuta,sensory_area,15.8114,1087,2850,68.74786546,180.2496933,1,
PXL_20250614_004302256,2,h_versuta,sensory_area,15.8114,1179,2095,74.56645205,132.4993359,1,
PXL_20250614_004302256,2,h_versuta,sensory_area,15.8114,1238,2006,78.29793693,126.8704859,1,
PXL_20250614_004302256,2,h_versuta,sensory_area,15.8114,1394,2121,88.16423593,134.1437191,1,
PXL_20250614_004302256,2,h_versuta,capture_area,15.8114,1214,1150,76.78004478,72.73233237,1,
PXL_20250614_004302256,2,h_versuta,capture_area,15.8114,1168,1292,73.87075148,81.71319428,1,
PXL_20250614_004302256,2,h_versuta,capture_area,15.8114,1006,1260,63.62497945,79.68933807,1,
PXL_20250614_004302256,2,h_versuta,capture_area,15.8114,962,1390,60.84217716,87.91125391,1,
PXL_20250614_004302256,2,h_versuta,capture_area,15.8114,770,1370,48.69903993,86.64634378,1,
PXL_20250614_004302256,2,h_versuta,capture_area,15.8114,764,1580,48.31956689,99.92790012,1,
PXL_20250614_004302256,2,h_versuta,capture_area,15.8114,800,1788,50.59640513,113.0829655,1,
PXL_20250614_004302256,2,h_versuta,capture_area,15.8114,880,1922,55.65604564,121.5578633,1,
PXL_20250614_004302256,2,h_versuta,capture_area,15.8114,992,2040,62.73954236,129.0208331,1,
PXL_20250614_004302256,2,h_versuta,capture_area,15.8114,1056,2100,66.78725477,132.8155635,1,
PXL_20250614_004302256,2,h_versuta,capture_area,15.8114,1144,2144,72.35285933,135.5983657,1,
PXL_20250614_004302256,2,h_versuta,capture_area,15.8114,1232,2010,77.91846389,127.1234679,1,
PXL_20250614_004302256,2,h_versuta,capture_area,15.8114,1296,2008,81.9661763,126.9969769,1,
PXL_20250614_004302256,2,h_versuta,capture_area,15.8114,1486,2192,93.98282252,138.63415,1,
PXL_20250614_004302256,2,h_versuta,capture_area,15.8114,1540,2156,97.39807987,136.3573118,1,
PXL_20250614_004302256,2,h_versuta,capture_area,15.8114,1510,1968,95.50071467,124.4671566,1,
PXL_20250614_004302256,2,h_versuta,capture_area,15.8114,1564,1940,98.91597202,122.6962824,1,
PXL_20250614_004302256,2,h_versuta,capture_area,15.8114,1578,1784,99.80140911,112.8299834,1,
PXL_20250614_004302256,2,h_versuta,capture_area,15.8114,1454,1634,91.95896632,103.3431575,1,
PXL_20250614_004302256,2,h_versuta,capture_area,15.8114,1396,1452,88.29072694,91.8324753,1,
PXL_20250614_004302256,2,h_versuta,capture_area,15.8114,1290,1344,81.58670326,85.00196061,1,
PXL_20250614_004302256,2,h_versuta,capture_area,15.8114,1342,1254,84.8754696,79.30986503,1,
PXL_20250614_004302256,2,h_versuta,entrance_width,15.8114,1182,1482,74.75618857,93.72984049,1,
PXL_20250614_004302256,2,h_versuta,entrance_width,15.8114,1262,1788,79.81582909,113.0829655,1,
PXL_20250614_045827589.,3,h_versuta,sensory_area,26.8477,161,1679,5.996789297,62.53794552,1,
PXL_20250614_045827589.,3,h_versuta,sensory_area,26.8477,216,1833,8.045381914,68.27400485,1,
PXL_20250614_045827589.,3,h_versuta,sensory_area,26.8477,856,2064,31.88355055,76.87809384,1,
PXL_20250614_045827589.,3,h_versuta,sensory_area,26.8477,904,2145,33.67141319,79.89511206,1,
PXL_20250614_045827589.,3,h_versuta,sensory_area,26.8477,583,2428,21.71508174,90.43605225,1,
PXL_20250614_045827589.,3,h_versuta,sensory_area,26.8477,696,2573,25.92400839,95.83688733,1,
PXL_20250614_045827589.,3,h_versuta,sensory_area,26.8477,905,2761,33.70866033,102.8393494,1,
PXL_20250614_045827589.,3,h_versuta,sensory_area,26.8477,1337,2716,49.79942416,101.1632281,1,
PXL_20250614_045827589.,3,h_versuta,sensory_area,26.8477,1755,2557,65.36872805,95.24093312,1,
PXL_20250614_045827589.,3,h_versuta,sensory_area,26.8477,1364,2365,50.8050969,88.08948253,1,
PXL_20250614_045827589.,3,h_versuta,sensory_area,26.8477,1350,2294,50.28363696,85.44493569,1,
PXL_20250614_045827589.,3,h_versuta,sensory_area,26.8477,1265,2133,47.11763019,79.4481464,1,
PXL_20250614_045827589.,3,h_versuta,sensory_area,26.8477,1353,2100,50.39537838,78.21899083,1,
PXL_20250614_045827589.,3,h_versuta,sensory_area,26.8477,1615,2161,60.15412866,80.49106627,1,
PXL_20250614_045827589.,3,h_versuta,sensory_area,26.8477,1615,2209,60.15412866,82.27892892,1,
PXL_20250614_045827589.,3,h_versuta,sensory_area,26.8477,1741,2161,64.84726811,80.49106627,1,
PXL_20250614_045827589.,3,h_versuta,sensory_area,26.8477,2179,1923,81.16151477,71.62624731,1,
PXL_20250614_045827589.,3,h_versuta,sensory_area,26.8477,2191,1751,81.60848043,65.21973949,1,
PXL_20250614_045827589.,3,h_versuta,sensory_area,26.8477,1994,1537,74.27079415,57.24885186,1,
PXL_20250614_045827589.,3,h_versuta,sensory_area,26.8477,1617,1578,60.22862294,58.77598453,1,
PXL_20250614_045827589.,3,h_versuta,sensory_area,26.8477,1509,1516,56.20593198,56.46666195,1,
PXL_20250614_045827589.,3,h_versuta,sensory_area,26.8477,1304,1239,48.57026859,46.14920459,1,
PXL_20250614_045827589.,3,h_versuta,sensory_area,26.8477,1313,1482,48.90549284,55.20025924,1,
PXL_20250614_045827589.,3,h_versuta,sensory_area,26.8477,1088,1641,40.52488668,61.12255426,1,
PXL_20250614_045827589.,3,h_versuta,sensory_area,26.8477,869,1531,32.36776335,57.02536903,1,
PXL_20250614_045827589.,3,h_versuta,sensory_area,26.8477,525,1625,19.55474771,60.52660004,1,
PXL_20250614_045827589.,3,h_versuta,capture_area,26.8477,1084,1877,40.37589812,69.91287894,1,
PXL_20250614_045827589.,3,h_versuta,capture_area,26.8477,1068,1903,39.77994391,70.88130454,1,
PXL_20250614_045827589.,3,h_versuta,capture_area,26.8477,1013,1969,37.73135129,73.33961568,1,
PXL_20250614_045827589.,3,h_versuta,capture_area,26.8477,909,1997,33.85764889,74.38253556,1,
PXL_20250614_045827589.,3,h_versuta,capture_area,26.8477,890,2037,33.14995325,75.8724211,1,
PXL_20250614_045827589.,3,h_versuta,capture_area,26.8477,899,2128,33.4851775,79.2619107,1,
PXL_20250614_045827589.,3,h_versuta,capture_area,26.8477,898,2217,33.44793036,82.57690603,1,
PXL_20250614_045827589.,3,h_versuta,capture_area,26.8477,1044,2256,38.88601258,84.02954443,1,
PXL_20250614_045827589.,3,h_versuta,capture_area,26.8477,1155,2247,43.02044495,83.69432018,1,
PXL_20250614_045827589.,3,h_versuta,capture_area,26.8477,1267,2174,47.19212447,80.97527907,1,
PXL_20250614_045827589.,3,h_versuta,capture_area,26.8477,1408,2084,52.44397099,77.62303661,1,
PXL_20250614_045827589.,3,h_versuta,capture_area,26.8477,1465,1952,54.56705789,72.70641433,1,
PXL_20250614_045827589.,3,h_versuta,capture_area,26.8477,1406,1908,52.36947671,71.06754024,1,
PXL_20250614_045827589.,3,h_versuta,capture_area,26.8477,1297,1924,48.30953862,71.66349445,1,
PXL_20250614_045827589.,3,h_versuta,capture_area,26.8477,1240,1940,46.18645173,72.25944867,1,
PXL_20250614_045827589.,3,h_versuta,capture_area,26.8477,1167,1887,43.46741062,70.28535033,1,
PXL_20250614_045827589.,3,h_versuta,entrance_width,26.8477,1205,2028,44.88280188,75.53719685,1,
PXL_20250614_045827589.,3,h_versuta,entrance_width,26.8477,1069,2045,39.81719104,76.17039821,1,
PXL_20250614_045853116.,4,h_versuta,sensory_area,34.4372,521,1539,15.12898842,44.69004449,1,
PXL_20250614_045853116.,4,h_versuta,sensory_area,34.4372,707,1538,20.5301244,44.66100612,1,
PXL_20250614_045853116.,4,h_versuta,sensory_area,34.4372,1073,1750,31.15816617,50.8171396,1,
PXL_20250614_045853116.,4,h_versuta,sensory_area,34.4372,1143,1184,33.19085175,34.38142474,1,
PXL_20250614_045853116.,4,h_versuta,sensory_area,34.4372,1249,1156,36.2689185,33.5683505,1,
PXL_20250614_045853116.,4,h_versuta,sensory_area,34.4372,1425,1193,41.37967082,34.64277003,1,
PXL_20250614_045853116.,4,h_versuta,sensory_area,34.4372,1538,1881,44.66100612,54.62116548,1,
PXL_20250614_045853116.,4,h_versuta,sensory_area,34.4372,2155,1647,62.57767763,47.82618796,1,
PXL_20250614_045853116.,4,h_versuta,sensory_area,34.4372,2140,2132,62.14210215,61.90979522,1,
PXL_20250614_045853116.,4,h_versuta,sensory_area,34.4372,1985,2320,57.64115549,67.36900793,1,
PXL_20250614_045853116.,4,h_versuta,sensory_area,34.4372,1765,2528,51.25271509,73.40898795,1,
PXL_20250614_045853116.,4,h_versuta,sensory_area,34.4372,1518,2613,44.08023881,75.87724902,1,
PXL_20250614_045853116.,4,h_versuta,sensory_area,34.4372,1349,2688,39.17275504,78.05512643,1,
PXL_20250614_045853116.,4,h_versuta,sensory_area,34.4372,1107,2407,32.1454706,69.89534573,1,
PXL_20250614_045853116.,4,h_versuta,sensory_area,34.4372,804,2610,23.34684585,75.79013392,1,
PXL_20250614_045853116.,4,h_versuta,sensory_area,34.4372,427,2439,12.39938206,70.82457343,1,
PXL_20250614_045853116.,4,h_versuta,sensory_area,34.4372,245,2034,7.114399545,59.0640354,1,
PXL_20250614_045853116.,4,h_versuta,sensory_area,34.4372,131,1742,3.804025879,50.58483268,1,
PXL_20250614_045853116.,4,h_versuta,capture_area,34.4372,1184,1824,34.38142474,52.96597865,1,
PXL_20250614_045853116.,4,h_versuta,capture_area,34.4372,966,1853,28.05106106,53.80809125,1,
PXL_20250614_045853116.,4,h_versuta,capture_area,34.4372,936,1940,27.1799101,56.33442905,1,
PXL_20250614_045853116.,4,h_versuta,capture_area,34.4372,1057,1992,30.69355232,57.84442405,1,
PXL_20250614_045853116.,4,h_versuta,capture_area,34.4372,1018,2126,29.56105607,61.73556503,1,
PXL_20250614_045853116.,4,h_versuta,capture_area,34.4372,1107,2107,32.1454706,61.18383608,1,
PXL_20250614_045853116.,4,h_versuta,capture_area,34.4372,1214,2058,35.2525757,59.76095618,1,
PXL_20250614_045853116.,4,h_versuta,capture_area,34.4372,1319,2162,38.30160408,62.78094619,1,
PXL_20250614_045853116.,4,h_versuta,capture_area,34.4372,1450,2067,42.10562996,60.02230146,1,
PXL_20250614_045853116.,4,h_versuta,capture_area,34.4372,1501,2020,43.5865866,58.65749829,1,
PXL_20250614_045853116.,4,h_versuta,capture_area,34.4372,1416,1970,41.11832553,57.20558001,1,
PXL_20250614_045853116.,4,h_versuta,capture_area,34.4372,1449,1919,42.07659159,55.72462337,1,
PXL_20250614_045853116.,4,h_versuta,capture_area,34.4372,1379,1856,40.04390601,53.89520635,1,
PXL_20250614_045853116.,4,h_versuta,capture_area,34.4372,1249,1830,36.2689185,53.14020884,1,
PXL_20250614_045853116.,4,h_versuta,entrance_width,34.4372,1338,1936,38.85333302,56.21827559,1,
PXL_20250614_045853116.,4,h_versuta,entrance_width,34.4372,1139,1917,33.07469829,55.66654664,1,
PXL_20250627_011158269.,5,h_versuta,sensory_area,13.4004,3161,1601,235.8884809,119.4740456,1,
PXL_20250627_011158269.,5,h_versuta,sensory_area,13.4004,2909,1809,217.0830721,134.9959703,1,
PXL_20250627_011158269.,5,h_versuta,sensory_area,13.4004,2578,1579,192.3823169,117.8323035,1,
PXL_20250627_011158269.,5,h_versuta,sensory_area,13.4004,2343,1472,174.845527,109.8474672,1,
PXL_20250627_011158269.,5,h_versuta,sensory_area,13.4004,2251,1279,167.9800603,95.44491209,1,
PXL_20250627_011158269.,5,h_versuta,sensory_area,13.4004,2080,1420,155.2192472,105.9669861,1,
PXL_20250627_011158269.,5,h_versuta,sensory_area,13.4004,1691,1556,126.190263,116.1159368,1,
PXL_20250627_011158269.,5,h_versuta,sensory_area,13.4004,1401,1399,104.5491179,104.3998687,1,
PXL_20250627_011158269.,5,h_versuta,sensory_area,13.4004,1799,1133,134.2497239,84.54971493,1,
PXL_20250627_011158269.,5,h_versuta,sensory_area,13.4004,1903,1027,142.0106862,76.6395033,1,
PXL_20250627_011158269.,5,h_versuta,sensory_area,13.4004,1922,951,143.4285544,70.96803081,1,
PXL_20250627_011158269.,5,h_versuta,sensory_area,13.4004,1680,961,125.369392,71.71427719,1,
PXL_20250627_011158269.,5,h_versuta,sensory_area,13.4004,1852,788,138.2048297,58.8042148,1,
PXL_20250627_011158269.,5,h_versuta,sensory_area,13.4004,1725,317,128.7275007,23.65601027,1,
PXL_20250627_011158269.,5,h_versuta,sensory_area,13.4004,1908,565,142.3838094,42.16292051,1,
PXL_20250627_011158269.,5,h_versuta,sensory_area,13.4004,2076,583,154.9207486,43.506164,1,
PXL_20250627_011158269.,5,h_versuta,sensory_area,13.4004,2250,548,167.9054357,40.89430166,1,
PXL_20250627_011158269.,5,h_versuta,sensory_area,13.4004,2348,604,175.2186502,45.07328139,1,
PXL_20250627_011158269.,5,h_versuta,sensory_area,13.4004,2526,536,188.5018358,39.99880601,1,
PXL_20250627_011158269.,5,h_versuta,sensory_area,13.4004,2595,843,193.6509358,62.90856989,1,
PXL_20250627_011158269.,5,h_versuta,sensory_area,13.4004,2450,1004,182.8303633,74.92313662,1,
PXL_20250627_011158269.,5,h_versuta,sensory_area,13.4004,2516,1105,187.7555894,82.46022507,1,
PXL_20250627_011158269.,5,h_versuta,sensory_area,13.4004,2866,1030,213.8742127,76.86337721,1,
PXL_20250627_011158269.,5,h_versuta,sensory_area,13.4004,3053,954,227.82902,71.19190472,1,
PXL_20250627_011158269.,5,h_versuta,sensory_area,13.4004,3036,1089,226.5604012,81.26623086,1,
PXL_20250627_011158269.,5,h_versuta,sensory_area,13.4004,2646,1226,197.4567923,91.48980627,1,
PXL_20250627_011158269.,5,h_versuta,sensory_area,13.4004,2718,1422,202.8297663,106.1162353,1,
PXL_20250627_011158269.,5,h_versuta,sensory_area,13.4004,2763,1485,206.187875,110.8175875,1,
PXL_20250627_011158269.,5,h_versuta,capture_area,13.4004,1978,694,147.6075341,51.78949882,1,
PXL_20250627_011158269.,5,h_versuta,capture_area,13.4004,2042,739,152.3835109,55.14760753,1,
PXL_20250627_011158269.,5,h_versuta,capture_area,13.4004,2115,786,157.8311095,58.65496552,1,
PXL_20250627_011158269.,5,h_versuta,capture_area,13.4004,2222,740,165.8159458,55.22223217,1,
PXL_20250627_011158269.,5,h_versuta,capture_area,13.4004,2324,786,173.4276589,58.65496552,1,
PXL_20250627_011158269.,5,h_versuta,capture_area,13.4004,2313,858,172.6067879,64.02793946,1,
PXL_20250627_011158269.,5,h_versuta,capture_area,13.4004,2293,923,171.1142951,68.87854094,1,
PXL_20250627_011158269.,5,h_versuta,capture_area,13.4004,2386,934,178.0543864,69.69941196,1,
PXL_20250627_011158269.,5,h_versuta,capture_area,13.4004,2447,1004,182.6064894,74.92313662,1,
PXL_20250627_011158269.,5,h_versuta,capture_area,13.4004,2423,1135,180.815498,84.69896421,1,
PXL_20250627_011158269.,5,h_versuta,capture_area,13.4004,2411,1218,179.9200024,90.89280917,1,
PXL_20250627_011158269.,5,h_versuta,capture_area,13.4004,2414,1265,180.1438763,94.40016716,1,
PXL_20250627_011158269.,5,h_versuta,capture_area,13.4004,2315,1304,172.7560371,97.31052804,1,
PXL_20250627_011158269.,5,h_versuta,capture_area,13.4004,2250,1273,167.9054357,94.99716426,1,
PXL_20250627_011158269.,5,h_versuta,capture_area,13.4004,2128,1192,158.8012298,88.95256858,1,
PXL_20250627_011158269.,5,h_versuta,capture_area,13.4004,2044,1206,152.5327602,89.99731351,1,
PXL_20250627_011158269.,5,h_versuta,capture_area,13.4004,1992,1162,148.652279,86.71382944,1,
PXL_20250627_011158269.,5,h_versuta,capture_area,13.4004,1994,1045,148.8015283,77.98274678,1,
PXL_20250627_011158269.,5,h_versuta,capture_area,13.4004,2003,846,149.4731501,63.13244381,1,
PXL_20250627_011158269.,5,h_versuta,capture_area,13.4004,1982,750,147.9060327,55.96847855,1,
PXL_20250627_011158269.,5,h_versuta,entrance_width,13.4004,2054,888,153.2790066,66.26667861,1,
PXL_20250627_011158269.,5,h_versuta,entrance_width,13.4004,2091,1133,156.0401182,84.54971493,1,
PXL_20250614_045836140.,6,h_versuta,sensory_area,25.607,564,1852,22.02522748,72.32397391,1,
PXL_20250614_045836140.,6,h_versuta,sensory_area,25.607,725,1711,28.31257078,66.81766704,1,
PXL_20250614_045836140.,6,h_versuta,sensory_area,25.607,852,1467,33.27215215,57.28902253,1,
PXL_20250614_045836140.,6,h_versuta,sensory_area,25.607,1119,1487,43.69898856,58.07005897,1,
PXL_20250614_045836140.,6,h_versuta,sensory_area,25.607,1371,1550,53.54004764,60.53032374,1,
PXL_20250614_045836140.,6,h_versuta,sensory_area,25.607,1609,1547,62.83438122,60.41316827,1,
PXL_20250614_045836140.,6,h_versuta,sensory_area,25.607,1768,1566,69.04362088,61.15515289,1,
PXL_20250614_045836140.,6,h_versuta,sensory_area,25.607,1939,1701,75.72148241,66.42714883,1,
PXL_20250614_045836140.,6,h_versuta,sensory_area,25.607,1635,1854,63.84972859,72.40207756,1,
PXL_20250614_045836140.,6,h_versuta,sensory_area,25.607,1841,2006,71.89440387,78.33795447,1,
PXL_20250614_045836140.,6,h_versuta,sensory_area,25.607,1807,2189,70.56664193,85.48443785,1,
PXL_20250614_045836140.,6,h_versuta,sensory_area,25.607,1575,2162,61.50661928,84.43003866,1,
PXL_20250614_045836140.,6,h_versuta,sensory_area,25.607,1614,2575,63.02964033,100.5584411,1,
PXL_20250614_045836140.,6,h_versuta,sensory_area,25.607,1336,2323,52.17323388,90.71738197,1,
PXL_20250614_045836140.,6,h_versuta,sensory_area,25.607,1210,2490,47.25270434,97.2390362,1,
PXL_20250614_045836140.,6,h_versuta,sensory_area,25.607,1121,2349,43.7770922,91.73272933,1,
PXL_20250614_045836140.,6,h_versuta,sensory_area,25.607,918,2309,35.84957238,90.17065646,1,
PXL_20250614_045836140.,6,h_versuta,sensory_area,25.607,669,2328,26.12566876,90.91264107,1,
PXL_20250614_045836140.,6,h_versuta,sensory_area,25.607,641,2136,25.03221775,83.4146913,1,
PXL_20250614_045836140.,6,h_versuta,capture_area,25.607,1270,1838,49.59581364,71.77724841,1,
PXL_20250614_045836140.,6,h_versuta,capture_area,25.607,1127,1848,44.01140313,72.16776663,1,
PXL_20250614_045836140.,6,h_versuta,capture_area,25.607,1082,1925,42.25407115,75.1747569,1,
PXL_20250614_045836140.,6,h_versuta,capture_area,25.607,991,2023,38.70035537,79.00183544,1,
PXL_20250614_045836140.,6,h_versuta,capture_area,25.607,1052,2003,41.0825165,78.220799,1,
PXL_20250614_045836140.,6,h_versuta,capture_area,25.607,1111,2019,43.38657398,78.84562815,1,
PXL_20250614_045836140.,6,h_versuta,capture_area,25.607,1070,2131,41.78544929,83.21943219,1,
PXL_20250614_045836140.,6,h_versuta,capture_area,25.607,1167,2098,45.573476,81.93072207,1,
PXL_20250614_045836140.,6,h_versuta,capture_area,25.607,1198,2117,46.78408248,82.67270668,1,
PXL_20250614_045836140.,6,h_versuta,capture_area,25.607,1265,2081,49.40055454,81.2668411,1,
PXL_20250614_045836140.,6,h_versuta,capture_area,25.607,1288,2030,50.29874644,79.27519819,1,
PXL_20250614_045836140.,6,h_versuta,capture_area,25.607,1355,2020,52.91521849,78.88467997,1,
PXL_20250614_045836140.,6,h_versuta,capture_area,25.607,1393,1948,54.39918772,76.0729488,1,
PXL_20250614_045836140.,6,h_versuta,capture_area,25.607,1335,1879,52.13418206,73.3783731,1,
PXL_20250614_045836140.,6,h_versuta,entrance_width,25.607,1171,1924,45.72968329,75.13570508,1,
PXL_20250614_045836140.,6,h_versuta,entrance_width,25.607,1302,1944,50.84547194,75.91674152,1,
PXL_20250613_225647825.,7,h_versuta,sensory_area,12.8016,1318,2134,102.9558805,166.6979128,1,
PXL_20250613_225647825.,7,h_versuta,sensory_area,12.8016,1240,1993,96.86289214,155.6836645,1,
PXL_20250613_225647825.,7,h_versuta,sensory_area,12.8016,1135,1918,88.6607924,149.8250219,1,
PXL_20250613_225647825.,7,h_versuta,sensory_area,12.8016,850,1710,66.39795026,133.5770529,1,
PXL_20250613_225647825.,7,h_versuta,sensory_area,12.8016,856,1165,66.86664167,91.00424947,1,
PXL_20250613_225647825.,7,h_versuta,sensory_area,12.8016,895,902,69.91313586,70.45994251,1,
PXL_20250613_225647825.,7,h_versuta,sensory_area,12.8016,986,364,77.0216223,28.43394576,1,
PXL_20250613_225647825.,7,h_versuta,sensory_area,12.8016,1387,761,108.3458318,59.44569429,1,
PXL_20250613_225647825.,7,h_versuta,sensory_area,12.8016,1547,535,120.8442695,41.79165104,1,
PXL_20250613_225647825.,7,h_versuta,sensory_area,12.8016,1822,281,142.3259593,21.9503812,1,
PXL_20250613_225647825.,7,h_versuta,sensory_area,12.8016,2224,375,173.728284,29.29321335,1,
PXL_20250613_225647825.,7,h_versuta,sensory_area,12.8016,2500,3,195.288089,0.234345707,1,
PXL_20250613_225647825.,7,h_versuta,sensory_area,12.8016,2984,181,233.095863,14.13885764,1,
PXL_20250613_225647825.,7,h_versuta,sensory_area,12.8016,3141,274,245.359955,21.40357455,1,
PXL_20250613_225647825.,7,h_versuta,sensory_area,12.8016,3495,105,273.0127484,8.202099738,1,
PXL_20250613_225647825.,7,h_versuta,sensory_area,12.8016,3364,540,262.7796525,42.18222722,1,
PXL_20250613_225647825.,7,h_versuta,sensory_area,12.8016,3403,717,265.8261467,56.00862392,1,
PXL_20250613_225647825.,7,h_versuta,sensory_area,12.8016,3072,931,239.9700037,72.72528434,1,
PXL_20250613_225647825.,7,h_versuta,sensory_area,12.8016,3096,1220,241.8447694,95.30058743,1,
PXL_20250613_225647825.,7,h_versuta,sensory_area,12.8016,3174,1376,247.9377578,107.4865642,1,
PXL_20250613_225647825.,7,h_versuta,sensory_area,12.8016,2794,1467,218.2539683,114.5950506,1,
PXL_20250613_225647825.,7,h_versuta,sensory_area,12.8016,2815,1793,219.8943882,140.0606174,1,
PXL_20250613_225647825.,7,h_versuta,sensory_area,12.8016,2678,1856,209.1926009,144.9818773,1,
PXL_20250613_225647825.,7,h_versuta,sensory_area,12.8016,2325,2000,181.6179228,156.2304712,1,
PXL_20250613_225647825.,7,h_versuta,sensory_area,12.8016,1688,2233,131.8585177,174.4313211,1,
PXL_20250613_225647825.,7,h_versuta,sensory_area,12.8016,1408,2176,109.9862517,169.9787527,1,
PXL_20250613_225647825.,7,h_versuta,capture_area,12.8016,1752,538,136.8578928,42.02599675,1,
PXL_20250613_225647825.,7,h_versuta,capture_area,12.8016,1766,647,137.9515061,50.54055743,1,
PXL_20250613_225647825.,7,h_versuta,capture_area,12.8016,1708,650,133.4208224,50.77490314,1,
PXL_20250613_225647825.,7,h_versuta,capture_area,12.8016,1627,667,127.0934883,52.10286214,1,
PXL_20250613_225647825.,7,h_versuta,capture_area,12.8016,1519,687,118.6570429,53.66516685,1,
PXL_20250613_225647825.,7,h_versuta,capture_area,12.8016,1578,747,123.2658418,58.35208099,1,
PXL_20250613_225647825.,7,h_versuta,capture_area,12.8016,1552,786,121.2348456,61.39857518,1,
PXL_20250613_225647825.,7,h_versuta,capture_area,12.8016,1459,779,113.9701287,60.85176853,1,
PXL_20250613_225647825.,7,h_versuta,capture_area,12.8016,1384,790,108.1114861,61.71103612,1,
PXL_20250613_225647825.,7,h_versuta,capture_area,12.8016,1395,867,108.9707537,67.72590926,1,
PXL_20250613_225647825.,7,h_versuta,capture_area,12.8016,1522,1018,118.8913886,79.52130984,1,
PXL_20250613_225647825.,7,h_versuta,capture_area,12.8016,1580,1070,123.4220722,83.58330209,1,
PXL_20250613_225647825.,7,h_versuta,capture_area,12.8016,1704,951,133.1083615,74.28758905,1,
PXL_20250613_225647825.,7,h_versuta,capture_area,12.8016,1803,941,140.8417698,73.5064367,1,
PXL_20250613_225647825.,7,h_versuta,capture_area,12.8016,1827,1059,142.7165354,82.7240345,1,
PXL_20250613_225647825.,7,h_versuta,capture_area,12.8016,1815,1129,141.7791526,88.19210099,1,
PXL_20250613_225647825.,7,h_versuta,capture_area,12.8016,1911,1206,149.2782152,94.20697413,1,
PXL_20250613_225647825.,7,h_versuta,capture_area,12.8016,2025,1147,158.1833521,89.59817523,1,
PXL_20250613_225647825.,7,h_versuta,capture_area,12.8016,2145,1053,167.5571804,82.25534308,1,
PXL_20250613_225647825.,7,h_versuta,capture_area,12.8016,2253,1146,175.9936258,89.52005999,1,
PXL_20250613_225647825.,7,h_versuta,capture_area,12.8016,2410,1013,188.2577178,79.13073366,1,
PXL_20250613_225647825.,7,h_versuta,capture_area,12.8016,2520,903,196.8503937,70.53805774,1,
PXL_20250613_225647825.,7,h_versuta,capture_area,12.8016,2560,790,199.9750031,61.71103612,1,
PXL_20250613_225647825.,7,h_versuta,capture_area,12.8016,2440,709,190.6011749,55.38370204,1,
PXL_20250613_225647825.,7,h_versuta,capture_area,12.8016,2383,627,186.1486064,48.97825272,1,
PXL_20250613_225647825.,7,h_versuta,capture_area,12.8016,2223,599,173.6501687,46.79102612,1,
PXL_20250613_225647825.,7,h_versuta,capture_area,12.8016,2175,528,169.9006374,41.24484439,1,
PXL_20250613_225647825.,7,h_versuta,capture_area,12.8016,2024,493,158.1052368,38.51081115,1,
PXL_20250613_225647825.,7,h_versuta,capture_area,12.8016,1899,490,148.3408324,38.27646544,1,
PXL_20250613_225647825.,7,h_versuta,capture_area,12.8016,1818,477,142.0134983,37.26096738,1,
PXL_20250613_225647825.,7,h_versuta,entrance_width,12.8016,1950,624,152.3247094,48.74390701,1,
PXL_20250613_225647825.,7,h_versuta,entrance_width,12.8016,2195,727,171.4629421,56.78977628,1,
PXL_20250627_014438041.,8,h_versuta,sensory_area,12.8501,975,1487,75.87489592,115.7189438,1,
PXL_20250627_014438041.,8,h_versuta,sensory_area,12.8501,1145,1585,89.10436495,123.3453436,1,
PXL_20250627_014438041.,8,h_versuta,sensory_area,12.8501,1462,1864,113.7734337,145.0572369,1,
PXL_20250627_014438041.,8,h_versuta,sensory_area,12.8501,1654,1985,128.7149516,154.473506,1,
PXL_20250627_014438041.,8,h_versuta,sensory_area,12.8501,1861,2191,144.8237757,170.5045097,1,
PXL_20250627_014438041.,8,h_versuta,sensory_area,12.8501,2215,2259,172.3721994,175.7962973,1,
PXL_20250627_014438041.,8,h_versuta,sensory_area,12.8501,2496,1768,194.2397335,137.5864779,1,
PXL_20250627_014438041.,8,h_versuta,sensory_area,12.8501,2644,1596,205.7571536,124.2013681,1,
PXL_20250627_014438041.,8,h_versuta,sensory_area,12.8501,2580,1241,200.7766477,96.57512393,1,
PXL_20250627_014438041.,8,h_versuta,sensory_area,12.8501,2721,1047,211.7493249,81.47796515,1,
PXL_20250627_014438041.,8,h_versuta,sensory_area,12.8501,2651,648,206.3018965,50.42762313,1,
PXL_20250627_014438041.,8,h_versuta,sensory_area,12.8501,2164,521,168.4033587,40.54443156,1,
PXL_20250627_014438041.,8,h_versuta,sensory_area,12.8501,2065,525,160.6991385,40.85571319,1,
PXL_20250627_014438041.,8,h_versuta,sensory_area,12.8501,1738,693,135.2518657,53.9295414,1,
PXL_20250627_014438041.,8,h_versuta,sensory_area,12.8501,1599,586,124.4348293,45.60275796,1,
PXL_20250627_014438041.,8,h_versuta,sensory_area,12.8501,1542,700,119.9990662,54.47428425,1,
PXL_20250627_014438041.,8,h_versuta,sensory_area,12.8501,1526,803,118.7539397,62.48978607,1,
PXL_20250627_014438041.,8,h_versuta,sensory_area,12.8501,1351,1166,105.1353686,90.73859347,1,
PXL_20250627_014438041.,8,h_versuta,sensory_area,12.8501,1183,1360,92.06154038,105.8357523,1,
PXL_20250627_014438041.,8,h_versuta,capture_area,12.8501,1837,876,142.9560859,68.17067571,1,
PXL_20250627_014438041.,8,h_versuta,capture_area,12.8501,1750,890,136.1857106,69.2601614,1,
PXL_20250627_014438041.,8,h_versuta,capture_area,12.8501,1660,1005,129.1818741,78.2095081,1,
PXL_20250627_014438041.,8,h_versuta,capture_area,12.8501,1652,1120,128.5593108,87.15885479,1,
PXL_20250627_014438041.,8,h_versuta,capture_area,12.8501,1640,1221,127.6254659,95.01871581,1,
PXL_20250627_014438041.,8,h_versuta,capture_area,12.8501,1640,1342,127.6254659,104.4349849,1,
PXL_20250627_014438041.,8,h_versuta,capture_area,12.8501,1772,1376,137.8977596,107.0808787,1,
PXL_20250627_014438041.,8,h_versuta,capture_area,12.8501,1845,1308,143.5786492,101.7890911,1,
PXL_20250627_014438041.,8,h_versuta,capture_area,12.8501,1917,1291,149.1817184,100.4661442,1,
PXL_20250627_014438041.,8,h_versuta,capture_area,12.8501,1992,1455,155.0182489,113.2286908,1,
PXL_20250627_014438041.,8,h_versuta,capture_area,12.8501,2081,1348,161.944265,104.9019074,1,
PXL_20250627_014438041.,8,h_versuta,capture_area,12.8501,2054,1268,159.8431141,98.67627489,1,
PXL_20250627_014438041.,8,h_versuta,capture_area,12.8501,2077,1215,161.6329834,94.55179337,1,
PXL_20250627_014438041.,8,h_versuta,capture_area,12.8501,2193,1189,170.6601505,92.52846281,1,
PXL_20250627_014438041.,8,h_versuta,capture_area,12.8501,2202,1121,171.3605342,87.2366752,1,
PXL_20250627_014438041.,8,h_versuta,capture_area,12.8501,2221,969,172.8391219,75.40797348,1,
PXL_20250627_014438041.,8,h_versuta,capture_area,12.8501,2185,876,170.0375873,68.17067571,1,
PXL_20250627_014438041.,8,h_versuta,capture_area,12.8501,2060,914,160.3100365,71.12785115,1,
PXL_20250627_014438041.,8,h_versuta,capture_area,12.8501,2040,816,158.7536284,63.50145135,1,
PXL_20250627_014438041.,8,h_versuta,capture_area,12.8501,1958,799,152.3723551,62.17850445,1,
PXL_20250627_014438041.,8,h_versuta,capture_area,12.8501,1833,1067,142.6448043,83.03437327,1,
PXL_20250627_014438041.,8,h_versuta,capture_area,12.8501,1993,1075,155.0960693,83.65693652,1,
PXL_20250613_231937561.,9,h_versuta,sensory_area,22,643,2456,29.22727273,111.6363636,1,
PXL_20250613_231937561.,9,h_versuta,sensory_area,22,847,2586,38.5,117.5454545,1,
PXL_20250613_231937561.,9,h_versuta,sensory_area,22,1138,2363,51.72727273,107.4090909,1,
PXL_20250613_231937561.,9,h_versuta,sensory_area,22,1308,2554,59.45454545,116.0909091,1,
PXL_20250613_231937561.,9,h_versuta,sensory_area,22,1437,2476,65.31818182,112.5454545,1,
PXL_20250613_231937561.,9,h_versuta,sensory_area,22,1469,2338,66.77272727,106.2727273,1,
PXL_20250613_231937561.,9,h_versuta,sensory_area,22,1727,2186,78.5,99.36363636,1,
PXL_20250613_231937561.,9,h_versuta,sensory_area,22,2077,2012,94.40909091,91.45454545,1,
PXL_20250613_231937561.,9,h_versuta,sensory_area,22,2182,1667,99.18181818,75.77272727,1,
PXL_20250613_231937561.,9,h_versuta,sensory_area,22,1871,1561,85.04545455,70.95454545,1,
PXL_20250613_231937561.,9,h_versuta,sensory_area,22,1770,1431,80.45454545,65.04545455,1,
PXL_20250613_231937561.,9,h_versuta,sensory_area,22,1683,1190,76.5,54.09090909,1,
PXL_20250613_231937561.,9,h_versuta,sensory_area,22,1598,804,72.63636364,36.54545455,1,
PXL_20250613_231937561.,9,h_versuta,sensory_area,22,1582,448,71.90909091,20.36363636,1,
PXL_20250613_231937561.,9,h_versuta,sensory_area,22,1188,1237,54,56.22727273,1,
PXL_20250613_231937561.,9,h_versuta,sensory_area,22,1194,683,54.27272727,31.04545455,1,
PXL_20250613_231937561.,9,h_versuta,sensory_area,22,1029,1040,46.77272727,47.27272727,1,
PXL_20250613_231937561.,9,h_versuta,sensory_area,22,1041,1483,47.31818182,67.40909091,1,
PXL_20250613_231937561.,9,h_versuta,sensory_area,22,992,1650,45.09090909,75,1,
PXL_20250613_231937561.,9,h_versuta,sensory_area,22,924,1809,42,82.22727273,1,
PXL_20250613_231937561.,9,h_versuta,sensory_area,22,844,1901,38.36363636,86.40909091,1,
PXL_20250613_231937561.,9,h_versuta,sensory_area,22,768,1964,34.90909091,89.27272727,1,
PXL_20250613_231937561.,9,h_versuta,sensory_area,22,555,1952,25.22727273,88.72727273,1,
PXL_20250613_231937561.,9,h_versuta,sensory_area,22,567,2096,25.77272727,95.27272727,1,
PXL_20250613_231937561.,9,h_versuta,capture_area,22,826,1917,37.54545455,87.13636364,1,
PXL_20250613_231937561.,9,h_versuta,capture_area,22,801,1987,36.40909091,90.31818182,1,
PXL_20250613_231937561.,9,h_versuta,capture_area,22,785,2103,35.68181818,95.59090909,1,
PXL_20250613_231937561.,9,h_versuta,capture_area,22,869,2149,39.5,97.68181818,1,
PXL_20250613_231937561.,9,h_versuta,capture_area,22,865,2269,39.31818182,103.1363636,1,
PXL_20250613_231937561.,9,h_versuta,capture_area,22,989,2236,44.95454545,101.6363636,1,
PXL_20250613_231937561.,9,h_versuta,capture_area,22,1135,2214,51.59090909,100.6363636,1,
PXL_20250613_231937561.,9,h_versuta,capture_area,22,1273,2237,57.86363636,101.6818182,1,
PXL_20250613_231937561.,9,h_versuta,capture_area,22,1303,2127,59.22727273,96.68181818,1,
PXL_20250613_231937561.,9,h_versuta,capture_area,22,1373,2065,62.40909091,93.86363636,1,
PXL_20250613_231937561.,9,h_versuta,capture_area,22,1385,1933,62.95454545,87.86363636,1,
PXL_20250613_231937561.,9,h_versuta,capture_area,22,1325,1887,60.22727273,85.77272727,1,
PXL_20250613_231937561.,9,h_versuta,capture_area,22,1337,1753,60.77272727,79.68181818,1,
PXL_20250613_231937561.,9,h_versuta,capture_area,22,1251,1777,56.86363636,80.77272727,1,
PXL_20250613_231937561.,9,h_versuta,capture_area,22,1193,1729,54.22727273,78.59090909,1,
PXL_20250613_231937561.,9,h_versuta,capture_area,22,1129,1667,51.31818182,75.77272727,1,
PXL_20250613_231937561.,9,h_versuta,capture_area,22,946,1792,43,81.45454545,1,
PXL_20250613_231937561.,9,h_versuta,capture_area,22,888,1868,40.36363636,84.90909091,1,
PXL_20250613_231937561.,9,h_versuta,entrance_width,22,1169,1713,53.13636364,77.86363636,1,
PXL_20250613_231937561.,9,h_versuta,entrance_width,22,1045,2037,47.5,92.59090909,1,
PXL_20250411_010057102.,1,h_cerberea,sensory_area,17.2186,1206,3133,70.04053756,181.9543982,2,
PXL_20250411_010057102.,1,h_cerberea,sensory_area,17.2186,900,3025,52.26905788,175.6821112,2,
PXL_20250411_010057102.,1,h_cerberea,sensory_area,17.2186,564,2905,32.75527627,168.7129035,2,
PXL_20250411_010057102.,1,h_cerberea,sensory_area,17.2186,372,2494,21.60454392,144.8433671,2,
PXL_20250411_010057102.,1,h_cerberea,sensory_area,17.2186,390,2419,22.64992508,140.4876122,2,
PXL_20250411_010057102.,1,h_cerberea,sensory_area,17.2186,660,2125,38.33064244,123.4130533,2,
PXL_20250411_010057102.,1,h_cerberea,sensory_area,17.2186,909,2038,52.79174846,118.3603777,2,
PXL_20250411_010057102.,1,h_cerberea,sensory_area,17.2186,891,1648,51.7463673,95.71045265,2,
PXL_20250411_010057102.,1,h_cerberea,sensory_area,17.2186,558,1504,32.40681589,87.34740339,2,
PXL_20250411_010057102.,1,h_cerberea,sensory_area,17.2186,321,1318,18.64263064,76.54513143,2,
PXL_20250411_010057102.,1,h_cerberea,sensory_area,17.2186,141,889,8.188819068,51.63021384,2,
PXL_20250411_010057102.,1,h_cerberea,sensory_area,17.2186,885,913,51.39790691,53.02405538,2,
PXL_20250411_010057102.,1,h_cerberea,sensory_area,17.2186,1080,598,62.72286946,34.72988512,2,
PXL_20250411_010057102.,1,h_cerberea,sensory_area,17.2186,1566,204,90.94816071,11.84765312,2,
PXL_20250411_010057102.,1,h_cerberea,sensory_area,17.2186,2145,324,124.5745879,18.81686084,2,
PXL_20250411_010057102.,1,h_cerberea,sensory_area,17.2186,2121,1053,123.1807464,61.15479772,2,
PXL_20250411_010057102.,1,h_cerberea,sensory_area,17.2186,2235,1824,129.8014937,105.9319573,2,
PXL_20250411_010057102.,1,h_cerberea,sensory_area,17.2186,2100,2127,121.9611351,123.5292068,2,
PXL_20250411_010057102.,1,h_cerberea,sensory_area,17.2186,2169,2712,125.9684295,157.5040944,2,
PXL_20250411_010057102.,1,h_cerberea,sensory_area,17.2186,1542,3153,89.55431917,183.1159328,2,
PXL_20250411_010057102.,1,h_cerberea,capture_area,17.2186,1502,1510,87.23124993,87.69586378,2,
PXL_20250411_010057102.,1,h_cerberea,capture_area,17.2186,1514,1416,87.9281707,82.23665106,2,
PXL_20250411_010057102.,1,h_cerberea,capture_area,17.2186,1531,1184,88.91547513,68.76284948,2,
PXL_20250411_010057102.,1,h_cerberea,capture_area,17.2186,1424,1064,82.70126491,61.79364176,2,
PXL_20250411_010057102.,1,h_cerberea,capture_area,17.2186,1246,1116,72.3636068,64.81363177,2,
PXL_20250411_010057102.,1,h_cerberea,capture_area,17.2186,1103,1208,64.05863427,70.15669102,2,
PXL_20250411_010057102.,1,h_cerberea,capture_area,17.2186,1020,1306,59.2382656,75.84821066,2,
PXL_20250411_010057102.,1,h_cerberea,capture_area,17.2186,1018,1474,59.12211213,85.60510146,2,
PXL_20250411_010057102.,1,h_cerberea,capture_area,17.2186,1212,1572,70.38899794,91.2966211,2,
PXL_20250411_010057102.,1,h_cerberea,capture_area,17.2186,1355,1575,78.69397047,91.47085129,2,
PXL_20250411_010057102.,1,h_cerberea,capture_area,17.2186,1092,2322,63.41979023,134.8541693,2,
PXL_20250411_010057102.,1,h_cerberea,capture_area,17.2186,980,2274,56.91519636,132.0664862,2,
PXL_20250411_010057102.,1,h_cerberea,capture_area,17.2186,908,2382,52.73367173,138.3387732,2,
PXL_20250411_010057102.,1,h_cerberea,capture_area,17.2186,798,2500,46.34523132,145.1918274,2,
PXL_20250411_010057102.,1,h_cerberea,capture_area,17.2186,724,2570,42.04755323,149.2571986,2,
PXL_20250411_010057102.,1,h_cerberea,capture_area,17.2186,926,2618,53.77905288,152.0448817,2,
PXL_20250411_010057102.,1,h_cerberea,capture_area,17.2186,926,2746,53.77905288,159.4787033,2,
PXL_20250411_010057102.,1,h_cerberea,capture_area,17.2186,1072,2772,62.25825561,160.9886983,2,
PXL_20250411_010057102.,1,h_cerberea,capture_area,17.2186,1212,2692,70.38899794,156.3425598,2,
PXL_20250411_010057102.,1,h_cerberea,capture_area,17.2186,1366,2620,79.33281451,152.1610352,2,
PXL_20250411_010057102.,1,h_cerberea,capture_area,17.2186,1244,2512,72.24745334,145.8887482,2,
PXL_20250411_010057102.,1,h_cerberea,capture_area,17.2186,1180,2402,68.53054255,139.5003078,2,
PXL_20250411_010057102.,1,h_cerberea,entrance_width,17.2186,1104,2322,64.116711,134.8541693,2,
PXL_20250411_010057102.,1,h_cerberea,entrance_width,17.2186,1340,2614,77.82281951,151.8125748,2,
PXL_20250411_010057102.,1,h_cerberea,entrance_width,17.2186,1500,1497,87.11509647,86.94086627,2,
PXL_20250411_010057102.,1,h_cerberea,entrance_width,17.2186,1278,1570,74.22206219,91.18046763,2,
PXL_20250411_004222343.,2,h_cerberea,sensory_area,17.4,2169,37,124.6551724,2.126436782,2,
PXL_20250411_004222343.,2,h_cerberea,sensory_area,17.4,1913,71,109.9425287,4.08045977,2,
PXL_20250411_004222343.,2,h_cerberea,sensory_area,17.4,1835,310,105.4597701,17.81609195,2,
PXL_20250411_004222343.,2,h_cerberea,sensory_area,17.4,1680,384,96.55172414,22.06896552,2,
PXL_20250411_004222343.,2,h_cerberea,sensory_area,17.4,1603,444,92.12643678,25.51724138,2,
PXL_20250411_004222343.,2,h_cerberea,sensory_area,17.4,1505,580,86.49425287,33.33333333,2,
PXL_20250411_004222343.,2,h_cerberea,sensory_area,17.4,1494,658,85.86206897,37.81609195,2,
PXL_20250411_004222343.,2,h_cerberea,sensory_area,17.4,1589,800,91.32183908,45.97701149,2,
PXL_20250411_004222343.,2,h_cerberea,sensory_area,17.4,1412,878,81.14942529,50.45977011,2,
PXL_20250411_004222343.,2,h_cerberea,sensory_area,17.4,1506,1194,86.55172414,68.62068966,2,
PXL_20250411_004222343.,2,h_cerberea,sensory_area,17.4,1495,1218,85.91954023,70,2,
PXL_20250411_004222343.,2,h_cerberea,sensory_area,17.4,1912,1455,109.8850575,83.62068966,2,
PXL_20250411_004222343.,2,h_cerberea,sensory_area,17.4,1672,1532,96.09195402,88.04597701,2,
PXL_20250411_004222343.,2,h_cerberea,sensory_area,17.4,1750,1600,100.5747126,91.95402299,2,
PXL_20250411_004222343.,2,h_cerberea,sensory_area,17.4,1851,1656,106.3793103,95.17241379,2,
PXL_20250411_004222343.,2,h_cerberea,sensory_area,17.4,1968,1694,113.1034483,97.35632184,2,
PXL_20250411_004222343.,2,h_cerberea,sensory_area,17.4,2101,1693,120.7471264,97.29885057,2,
PXL_20250411_004222343.,2,h_cerberea,sensory_area,17.4,2258,1659,129.7701149,95.34482759,2,
PXL_20250411_004222343.,2,h_cerberea,sensory_area,17.4,2340,1647,134.4827586,94.65517241,2,
PXL_20250411_004222343.,2,h_cerberea,sensory_area,17.4,2465,1671,141.6666667,96.03448276,2,
PXL_20250411_004222343.,2,h_cerberea,sensory_area,17.4,2598,1829,149.3103448,105.1149425,2,
PXL_20250411_004222343.,2,h_cerberea,sensory_area,17.4,2801,2030,160.9770115,116.6666667,2,
PXL_20250411_004222343.,2,h_cerberea,sensory_area,17.4,3230,1960,185.6321839,112.6436782,2,
PXL_20250411_004222343.,2,h_cerberea,sensory_area,17.4,3318,1735,190.6896552,99.71264368,2,
PXL_20250411_004222343.,2,h_cerberea,sensory_area,17.4,3269,1509,187.8735632,86.72413793,2,
PXL_20250411_004222343.,2,h_cerberea,sensory_area,17.4,2985,1315,171.5517241,75.57471264,2,
PXL_20250411_004222343.,2,h_cerberea,sensory_area,17.4,3066,1066,176.2068966,61.26436782,2,
PXL_20250411_004222343.,2,h_cerberea,sensory_area,17.4,2901,1098,166.7241379,63.10344828,2,
PXL_20250411_004222343.,2,h_cerberea,sensory_area,17.4,3025,802,173.8505747,46.09195402,2,
PXL_20250411_004222343.,2,h_cerberea,sensory_area,17.4,2796,734,160.6896552,42.18390805,2,
PXL_20250411_004222343.,2,h_cerberea,sensory_area,17.4,2736,497,157.2413793,28.56321839,2,
PXL_20250411_004222343.,2,h_cerberea,sensory_area,17.4,2629,361,151.091954,20.74712644,2,
PXL_20250411_004222343.,2,h_cerberea,sensory_area,17.4,2370,213,136.2068966,12.24137931,2,
PXL_20250411_004222343.,2,h_cerberea,capture_area,17.4,2422,909,139.1954023,52.24137931,2,
PXL_20250411_004222343.,2,h_cerberea,capture_area,17.4,2552,794,146.6666667,45.63218391,2,
PXL_20250411_004222343.,2,h_cerberea,capture_area,17.4,2457,606,141.2068966,34.82758621,2,
PXL_20250411_004222343.,2,h_cerberea,capture_area,17.4,2357,446,135.4597701,25.63218391,2,
PXL_20250411_004222343.,2,h_cerberea,capture_area,17.4,2234,381,128.3908046,21.89655172,2,
PXL_20250411_004222343.,2,h_cerberea,capture_area,17.4,2010,486,115.5172414,27.93103448,2,
PXL_20250411_004222343.,2,h_cerberea,capture_area,17.4,1966,658,112.9885057,37.81609195,2,
PXL_20250411_004222343.,2,h_cerberea,capture_area,17.4,1876,727,107.816092,41.7816092,2,
PXL_20250411_004222343.,2,h_cerberea,capture_area,17.4,1824,886,104.8275862,50.91954023,2,
PXL_20250411_004222343.,2,h_cerberea,capture_area,17.4,2005,945,115.2298851,54.31034483,2,
PXL_20250411_004222343.,2,h_cerberea,capture_area,17.4,2205,1036,126.7241379,59.54022989,2,
PXL_20250411_004222343.,2,h_cerberea,capture_area,17.4,2329,1024,133.8505747,58.85057471,2,
PXL_20250411_004222343.,2,h_cerberea,capture_area,17.4,2539,1223,145.9195402,70.28735632,2,
PXL_20250411_004222343.,2,h_cerberea,capture_area,17.4,2387,1270,137.183908,72.98850575,2,
PXL_20250411_004222343.,2,h_cerberea,capture_area,17.4,2284,1297,131.2643678,74.54022989,2,
PXL_20250411_004222343.,2,h_cerberea,capture_area,17.4,2190,1285,125.862069,73.85057471,2,
PXL_20250411_004222343.,2,h_cerberea,capture_area,17.4,2096,1269,120.4597701,72.93103448,2,
PXL_20250411_004222343.,2,h_cerberea,capture_area,17.4,1925,1351,110.6321839,77.64367816,2,
PXL_20250411_004222343.,2,h_cerberea,capture_area,17.4,2059,1449,118.3333333,83.27586207,2,
PXL_20250411_004222343.,2,h_cerberea,capture_area,17.4,2068,1577,118.8505747,90.63218391,2,
PXL_20250411_004222343.,2,h_cerberea,capture_area,17.4,2285,1538,131.3218391,88.3908046,2,
PXL_20250411_004222343.,2,h_cerberea,capture_area,17.4,2471,1586,142.0114943,91.14942529,2,
PXL_20250411_004222343.,2,h_cerberea,capture_area,17.4,2561,1625,147.183908,93.3908046,2,
PXL_20250411_004222343.,2,h_cerberea,capture_area,17.4,2730,1446,156.8965517,83.10344828,2,
PXL_20250411_004222343.,2,h_cerberea,capture_area,17.4,2680,1298,154.0229885,74.59770115,2,
PXL_20250411_004222343.,2,h_cerberea,entrance_width,17.4,2281,789,131.091954,45.34482759,2,
PXL_20250411_004222343.,2,h_cerberea,entrance_width,17.4,2175,993,125,57.06896552,2,
PXL_20250411_004222343.,2,h_cerberea,entrance_width,17.4,2159,1289,124.0804598,74.08045977,2,
PXL_20250411_004222343.,2,h_cerberea,entrance_width,17.4,2507,1222,144.0804598,70.22988506,2,
PXL_20250411_004323201.,3,h_cerberea,sensory_area,16.3071,1651,132,101.2442433,8.094633626,2,
PXL_20250411_004323201.,3,h_cerberea,sensory_area,16.3071,1497,69,91.80050407,4.231285759,2,
PXL_20250411_004323201.,3,h_cerberea,sensory_area,16.3071,1269,369,77.81886418,22.62818036,2,
PXL_20250411_004323201.,3,h_cerberea,sensory_area,16.3071,1159,544,71.07333615,33.35970222,2,
PXL_20250411_004323201.,3,h_cerberea,sensory_area,16.3071,1008,617,61.81356587,37.8362799,2,
PXL_20250411_004323201.,3,h_cerberea,sensory_area,16.3071,884,864,54.2095161,52.98305646,2,
PXL_20250411_004323201.,3,h_cerberea,sensory_area,16.3071,844,1412,51.75659682,86.5880506,2,
PXL_20250411_004323201.,3,h_cerberea,sensory_area,16.3071,648,1617,39.73729235,99.15926192,2,
PXL_20250411_004323201.,3,h_cerberea,sensory_area,16.3071,744,1793,45.62429862,109.9521068,2,
PXL_20250411_004323201.,3,h_cerberea,sensory_area,16.3071,866,1955,53.10570242,119.8864298,2,
PXL_20250411_004323201.,3,h_cerberea,sensory_area,16.3071,978,2053,59.97387641,125.8960821,2,
PXL_20250411_004323201.,3,h_cerberea,sensory_area,16.3071,929,2283,56.96905029,140.0003679,2,
PXL_20250411_004323201.,3,h_cerberea,sensory_area,16.3071,824,2627,50.53013718,161.0954738,2,
PXL_20250411_004323201.,3,h_cerberea,sensory_area,16.3071,704,2679,43.17137934,164.2842688,2,
PXL_20250411_004323201.,3,h_cerberea,sensory_area,16.3071,568,2795,34.83145378,171.3977347,2,
PXL_20250411_004323201.,3,h_cerberea,sensory_area,16.3071,726,3087,44.52048494,189.3040455,2,
PXL_20250411_004323201.,3,h_cerberea,sensory_area,16.3071,722,3559,44.27519301,218.248493,2,
PXL_20250411_004323201.,3,h_cerberea,sensory_area,16.3071,809,3665,49.61029245,224.7487291,2,
PXL_20250411_004323201.,3,h_cerberea,sensory_area,16.3071,940,3685,57.64360309,225.9751887,2,
PXL_20250411_004323201.,3,h_cerberea,sensory_area,16.3071,1203,3501,73.77154736,214.69176,2,
PXL_20250411_004323201.,3,h_cerberea,sensory_area,16.3071,1679,3948,102.9612868,242.103133,2,
PXL_20250411_004323201.,3,h_cerberea,sensory_area,16.3071,1810,3888,110.9945974,238.4237541,2,
PXL_20250411_004323201.,3,h_cerberea,sensory_area,16.3071,1863,3745,114.2447155,229.6545676,2,
PXL_20250411_004323201.,3,h_cerberea,sensory_area,16.3071,1914,3285,117.3721876,201.4459959,2,
PXL_20250411_004323201.,3,h_cerberea,sensory_area,16.3071,1901,3173,116.5749888,194.5778219,2,
PXL_20250411_004323201.,3,h_cerberea,sensory_area,16.3071,1591,3000,97.56486438,183.968946,2,
PXL_20250411_004323201.,3,h_cerberea,sensory_area,16.3071,1892,2456,116.023082,150.6092438,2,
PXL_20250411_004323201.,3,h_cerberea,sensory_area,16.3071,1791,2036,109.8294608,124.8535914,2,
PXL_20250411_004323201.,3,h_cerberea,sensory_area,16.3071,1719,1971,105.4142061,120.8675975,2,
PXL_20250411_004323201.,3,h_cerberea,sensory_area,16.3071,1587,1667,97.31957246,102.225411,2,
PXL_20250411_004323201.,3,h_cerberea,sensory_area,16.3071,1625,1436,99.64984577,88.05980217,2,
PXL_20250411_004323201.,3,h_cerberea,sensory_area,16.3071,1641,1076,100.6310135,65.98352865,2,
PXL_20250411_004323201.,3,h_cerberea,sensory_area,16.3071,1590,892,97.5035414,54.70009996,2,
PXL_20250411_004323201.,3,h_cerberea,sensory_area,16.3071,1598,659,97.99412526,40.41184515,2,
PXL_20250411_004323201.,3,h_cerberea,sensory_area,16.3071,1590,608,97.5035414,37.28437306,2,
PXL_20250411_004323201.,3,h_cerberea,capture_area,16.3071,1291,2388,79.16796978,146.439281,2,
PXL_20250411_004323201.,3,h_cerberea,capture_area,16.3071,1353,2245,82.96999466,137.6700946,2,
PXL_20250411_004323201.,3,h_cerberea,capture_area,16.3071,1451,2124,88.9796469,130.2500138,2,
PXL_20250411_004323201.,3,h_cerberea,capture_area,16.3071,1457,2397,89.34758479,146.9911879,2,
PXL_20250411_004323201.,3,h_cerberea,capture_area,16.3071,1439,2528,88.24377112,155.0244985,2,
PXL_20250411_004323201.,3,h_cerberea,capture_area,16.3071,1383,2940,84.80968413,180.2895671,2,
PXL_20250411_004323201.,3,h_cerberea,capture_area,16.3071,1274,2885,78.12547909,176.9168031,2,
PXL_20250411_004323201.,3,h_cerberea,capture_area,16.3071,1198,3045,73.46493245,186.7284802,2,
PXL_20250411_004323201.,3,h_cerberea,capture_area,16.3071,1038,3109,63.65325533,190.6531511,2,
PXL_20250411_004323201.,3,h_cerberea,capture_area,16.3071,999,3078,61.26165903,188.7521386,2,
PXL_20250411_004323201.,3,h_cerberea,capture_area,16.3071,961,3054,58.93138572,187.2803871,2,
PXL_20250411_004323201.,3,h_cerberea,capture_area,16.3071,853,2917,52.30850366,178.8791385,2,
PXL_20250411_004323201.,3,h_cerberea,capture_area,16.3071,813,2781,49.85558438,170.539213,2,
PXL_20250411_004323201.,3,h_cerberea,capture_area,16.3071,905,2597,55.49729872,159.2557843,2,
PXL_20250411_004323201.,3,h_cerberea,capture_area,16.3071,1079,2641,66.16749759,161.9539955,2,
PXL_20250411_004323201.,3,h_cerberea,capture_area,16.3071,1069,1096,65.55426777,67.20998829,2,
PXL_20250411_004323201.,3,h_cerberea,capture_area,16.3071,1178,1052,72.23847281,64.51177708,2,
PXL_20250411_004323201.,3,h_cerberea,capture_area,16.3071,1253,989,76.83769646,60.64842921,2,
PXL_20250411_004323201.,3,h_cerberea,capture_area,16.3071,1345,964,82.47941081,59.11535466,2,
PXL_20250411_004323201.,3,h_cerberea,capture_area,16.3071,1419,1028,87.01731148,63.04002551,2,
PXL_20250411_004323201.,3,h_cerberea,capture_area,16.3071,1435,1177,87.99847919,72.17714983,2,
PXL_20250411_004323201.,3,h_cerberea,capture_area,16.3071,1313,1318,80.51707538,80.82369029,2,
PXL_20250411_004323201.,3,h_cerberea,capture_area,16.3071,1139,1420,69.84687651,87.07863446,2,
PXL_20250411_004323201.,3,h_cerberea,entrance_width,16.3071,1284,2398,78.73870891,147.0525109,2,*entrance 2 is undeterminable width 
PXL_20250411_004323201.,3,h_cerberea,entrance_width,16.3071,1070,2625,65.61559075,160.9728278,2,
 PXL_20250720_063529998.,4,h_cerberea,sensory_area,10.15,1432,843,141.0837438,83.05418719,2,
 PXL_20250720_063529998.,4,h_cerberea,sensory_area,10.15,1195,1028,117.7339901,101.2807882,2,
 PXL_20250720_063529998.,4,h_cerberea,sensory_area,10.15,1082,1049,106.6009852,103.3497537,2,
 PXL_20250720_063529998.,4,h_cerberea,sensory_area,10.15,1001,1259,98.62068966,124.0394089,2,
 PXL_20250720_063529998.,4,h_cerberea,sensory_area,10.15,928,1345,91.42857143,132.5123153,2,
 PXL_20250720_063529998.,4,h_cerberea,sensory_area,10.15,910,1532,89.65517241,150.9359606,2,
 PXL_20250720_063529998.,4,h_cerberea,sensory_area,10.15,840,1627,82.75862069,160.2955665,2,
 PXL_20250720_063529998.,4,h_cerberea,sensory_area,10.15,817,1705,80.49261084,167.9802956,2,
 PXL_20250720_063529998.,4,h_cerberea,sensory_area,10.15,799,1746,78.71921182,172.0197044,2,
 PXL_20250720_063529998.,4,h_cerberea,sensory_area,10.15,725,1815,71.42857143,178.817734,2,
 PXL_20250720_063529998.,4,h_cerberea,sensory_area,10.15,709,1882,69.85221675,185.4187192,2,
 PXL_20250720_063529998.,4,h_cerberea,sensory_area,10.15,738,2016,72.70935961,198.6206897,2,
 PXL_20250720_063529998.,4,h_cerberea,sensory_area,10.15,378,2038,37.24137931,200.7881773,2,
 PXL_20250720_063529998.,4,h_cerberea,sensory_area,10.15,149,1820,14.67980296,179.3103448,2,
 PXL_20250720_063529998.,4,h_cerberea,sensory_area,10.15,9,2024,0.886699507,199.408867,2,
 PXL_20250720_063529998.,4,h_cerberea,sensory_area,10.15,117,2302,11.5270936,226.7980296,2,
 PXL_20250720_063529998.,4,h_cerberea,sensory_area,10.15,54,2526,5.320197044,248.8669951,2,
 PXL_20250720_063529998.,4,h_cerberea,sensory_area,10.15,67,2650,6.600985222,261.0837438,2,
 PXL_20250720_063529998.,4,h_cerberea,sensory_area,10.15,141,2733,13.89162562,269.2610837,2,
 PXL_20250720_063529998.,4,h_cerberea,sensory_area,10.15,75,2849,7.389162562,280.6896552,2,
 PXL_20250720_063529998.,4,h_cerberea,sensory_area,10.15,187,2936,18.42364532,289.2610837,2,
 PXL_20250720_063529998.,4,h_cerberea,sensory_area,10.15,455,3023,44.82758621,297.8325123,2,
 PXL_20250720_063529998.,4,h_cerberea,sensory_area,10.15,482,3112,47.48768473,306.6009852,2,
 PXL_20250720_063529998.,4,h_cerberea,sensory_area,10.15,948,2889,93.39901478,284.6305419,2,
 PXL_20250720_063529998.,4,h_cerberea,sensory_area,10.15,1082,3082,106.6009852,303.6453202,2,
 PXL_20250720_063529998.,4,h_cerberea,sensory_area,10.15,1164,2735,114.679803,269.4581281,2,
 PXL_20250720_063529998.,4,h_cerberea,sensory_area,10.15,1529,2910,150.6403941,286.6995074,2,
 PXL_20250720_063529998.,4,h_cerberea,sensory_area,10.15,1561,2723,153.7931034,268.2758621,2,
 PXL_20250720_063529998.,4,h_cerberea,sensory_area,10.15,1853,2651,182.5615764,261.182266,2,
 PXL_20250720_063529998.,4,h_cerberea,sensory_area,10.15,1697,2423,167.1921182,238.7192118,2,
 PXL_20250720_063529998.,4,h_cerberea,sensory_area,10.15,1902,2051,187.3891626,202.0689655,2,
 PXL_20250720_063529998.,4,h_cerberea,sensory_area,10.15,1852,1789,182.4630542,176.2561576,2,
 PXL_20250720_063529998.,4,h_cerberea,sensory_area,10.15,1850,1577,182.2660099,155.3694581,2,
 PXL_20250720_063529998.,4,h_cerberea,sensory_area,10.15,2176,1025,214.3842365,100.9852217,2,
 PXL_20250720_063529998.,4,h_cerberea,sensory_area,10.15,1737,975,171.1330049,96.0591133,2,
 PXL_20250720_063529998.,4,h_cerberea,sensory_area,10.15,1729,823,170.3448276,81.08374384,2,
 PXL_20250720_063529998.,4,h_cerberea,capture_area,10.15,877,2453,86.40394089,241.6748768,2,
 PXL_20250720_063529998.,4,h_cerberea,capture_area,10.15,672,2492,66.20689655,245.5172414,2,
 PXL_20250720_063529998.,4,h_cerberea,capture_area,10.15,648,2673,63.84236453,263.3497537,2,
 PXL_20250720_063529998.,4,h_cerberea,capture_area,10.15,805,2625,79.31034483,258.6206897,2,
 PXL_20250720_063529998.,4,h_cerberea,capture_area,10.15,770,2752,75.86206897,271.1330049,2,
 PXL_20250720_063529998.,4,h_cerberea,capture_area,10.15,905,2664,89.16256158,262.4630542,2,
 PXL_20250720_063529998.,4,h_cerberea,capture_area,10.15,965,2641,95.07389163,260.1970443,2,
 PXL_20250720_063529998.,4,h_cerberea,capture_area,10.15,1044,2698,102.8571429,265.8128079,2,
 PXL_20250720_063529998.,4,h_cerberea,capture_area,10.15,1107,2776,109.0640394,273.4975369,2,
 PXL_20250720_063529998.,4,h_cerberea,capture_area,10.15,1084,2648,106.7980296,260.8866995,2,
 PXL_20250720_063529998.,4,h_cerberea,capture_area,10.15,1123,2639,110.6403941,260,2,
 PXL_20250720_063529998.,4,h_cerberea,capture_area,10.15,1207,2686,118.9162562,264.6305419,2,
 PXL_20250720_063529998.,4,h_cerberea,capture_area,10.15,1148,2561,113.1034483,252.3152709,2,
 PXL_20250720_063529998.,4,h_cerberea,capture_area,10.15,1120,2498,110.3448276,246.1083744,2,
 PXL_20250720_063529998.,4,h_cerberea,capture_area,10.15,1066,2462,105.0246305,242.5615764,2,
 PXL_20250720_063529998.,4,h_cerberea,capture_area,10.15,972,2475,95.7635468,243.8423645,2,
 PXL_20250720_063529998.,4,h_cerberea,capture_area,10.15,1213,2057,119.5073892,202.6600985,2,
 PXL_20250720_063529998.,4,h_cerberea,capture_area,10.15,1378,2020,135.7635468,199.0147783,2,
 PXL_20250720_063529998.,4,h_cerberea,capture_area,10.15,1431,1988,140.9852217,195.862069,2,
 PXL_20250720_063529998.,4,h_cerberea,capture_area,10.15,1435,1806,141.3793103,177.9310345,2,
 PXL_20250720_063529998.,4,h_cerberea,capture_area,10.15,1390,1684,136.9458128,165.91133,2,
 PXL_20250720_063529998.,4,h_cerberea,capture_area,10.15,1343,1614,132.3152709,159.0147783,2,
 PXL_20250720_063529998.,4,h_cerberea,capture_area,10.15,1235,1601,121.6748768,157.7339901,2,
 PXL_20250720_063529998.,4,h_cerberea,capture_area,10.15,1178,1612,116.0591133,158.817734,2,
 PXL_20250720_063529998.,4,h_cerberea,capture_area,10.15,1061,1633,104.5320197,160.8866995,2,
 PXL_20250720_063529998.,4,h_cerberea,capture_area,10.15,1008,1742,99.31034483,171.6256158,2,
 PXL_20250720_063529998.,4,h_cerberea,capture_area,10.15,949,1806,93.49753695,177.9310345,2,
 PXL_20250720_063529998.,4,h_cerberea,capture_area,10.15,959,1884,94.48275862,185.6157635,2,
 PXL_20250720_063529998.,4,h_cerberea,capture_area,10.15,1068,1853,105.2216749,182.5615764,2,
 PXL_20250720_063529998.,4,h_cerberea,capture_area,10.15,1138,1964,112.1182266,193.4975369,2,
 PXL_20250720_063529998.,4,h_cerberea,entrance_width,10.15,1108,1880,109.1625616,185.2216749,2,
 PXL_20250720_063529998.,4,h_cerberea,entrance_width,10.15,1196,2055,117.8325123,202.4630542,2,
 PXL_20250720_063529998.,4,h_cerberea,entrance_width,10.15,888,2452,87.48768473,241.5763547,2,
 PXL_20250720_063529998.,4,h_cerberea,entrance_width,10.15,1066,2462,105.0246305,242.5615764,2,
PXL_20250720_063639126.,5,h_cerberea,sensory_area,12.3004,12,2360,0.97557803,191.8636792,2,
PXL_20250720_063639126.,5,h_cerberea,sensory_area,12.3004,8,2628,0.650385353,213.6515886,2,
PXL_20250720_063639126.,5,h_cerberea,sensory_area,12.3004,482,2760,39.18571754,224.3829469,2,
PXL_20250720_063639126.,5,h_cerberea,sensory_area,12.3004,784,2612,63.73776463,212.3508179,2,
PXL_20250720_063639126.,5,h_cerberea,sensory_area,12.3004,1310,2427,106.5006016,197.3106566,2,
PXL_20250720_063639126.,5,h_cerberea,sensory_area,12.3004,1647,2525,133.8980846,205.2778771,2,
PXL_20250720_063639126.,5,h_cerberea,sensory_area,12.3004,1708,2104,138.8572729,171.0513479,2,
PXL_20250720_063639126.,5,h_cerberea,sensory_area,12.3004,1664,1932,135.2801535,157.0680628,2,
PXL_20250720_063639126.,5,h_cerberea,sensory_area,12.3004,1627,1839,132.2721212,149.5073331,2,
PXL_20250720_063639126.,5,h_cerberea,sensory_area,12.3004,1771,1740,143.9790576,141.4588143,2,
PXL_20250720_063639126.,5,h_cerberea,sensory_area,12.3004,1810,1657,147.1496862,134.7110663,2,
PXL_20250720_063639126.,5,h_cerberea,sensory_area,12.3004,2044,1555,166.1734578,126.4186531,2,
PXL_20250720_063639126.,5,h_cerberea,sensory_area,12.3004,2139,1492,173.8967838,121.2968684,2,
PXL_20250720_063639126.,5,h_cerberea,sensory_area,12.3004,2244,1300,182.4330916,105.6876199,2,
PXL_20250720_063639126.,5,h_cerberea,sensory_area,12.3004,2265,1208,184.1403532,98.20818835,2,
PXL_20250720_063639126.,5,h_cerberea,sensory_area,12.3004,2067,1212,168.0433157,98.53338103,2,
PXL_20250720_063639126.,5,h_cerberea,sensory_area,12.3004,1840,1108,149.5886313,90.07837144,2,
PXL_20250720_063639126.,5,h_cerberea,sensory_area,12.3004,1884,940,153.1657507,76.42027902,2,
PXL_20250720_063639126.,5,h_cerberea,sensory_area,12.3004,1941,612,157.7997463,49.75447953,2,
PXL_20250720_063639126.,5,h_cerberea,sensory_area,12.3004,1587,744,129.0201945,60.48583786,2,
PXL_20250720_063639126.,5,h_cerberea,sensory_area,12.3004,1425,615,115.8498911,49.99837404,2,
PXL_20250720_063639126.,5,h_cerberea,sensory_area,12.3004,924,699,75.11950831,56.82742025,2,
PXL_20250720_063639126.,5,h_cerberea,sensory_area,12.3004,835,819,67.88397125,66.58320055,2,
PXL_20250720_063639126.,5,h_cerberea,sensory_area,12.3004,917,1036,74.55042112,84.22490326,2,
PXL_20250720_063639126.,5,h_cerberea,sensory_area,12.3004,929,1228,75.52599915,99.83415173,2,
PXL_20250720_063639126.,5,h_cerberea,sensory_area,12.3004,892,1288,72.5179669,104.7120419,2,
PXL_20250720_063639126.,5,h_cerberea,sensory_area,12.3004,879,1392,71.4610907,113.1670515,2,
PXL_20250720_063639126.,5,h_cerberea,sensory_area,12.3004,787,1476,63.98165913,119.9960977,2,
PXL_20250720_063639126.,5,h_cerberea,sensory_area,12.3004,627,1605,50.97395207,130.4835615,2,
PXL_20250720_063639126.,5,h_cerberea,sensory_area,12.3004,333,1567,27.07229033,127.3942311,2,
PXL_20250720_063639126.,5,h_cerberea,sensory_area,12.3004,199,1775,16.17833566,144.3042503,2,
PXL_20250720_063639126.,5,h_cerberea,sensory_area,12.3004,148,2077,12.03212904,168.8562974,2,
PXL_20250720_063639126.,5,h_cerberea,sensory_area,12.3004,4,2249,0.325192677,182.8395825,2,
PXL_20250720_063639126.,5,h_cerberea,capture_area,12.3004,874,1974,71.05459985,160.4825859,2,
PXL_20250720_063639126.,5,h_cerberea,capture_area,12.3004,808,1950,65.68892069,158.5314299,2,
PXL_20250720_063639126.,5,h_cerberea,capture_area,12.3004,711,1930,57.80299828,156.9054665,2,
PXL_20250720_063639126.,5,h_cerberea,capture_area,12.3004,669,1971,54.38847517,160.2386914,2,
PXL_20250720_063639126.,5,h_cerberea,capture_area,12.3004,644,2049,52.35602094,166.5799486,2,
PXL_20250720_063639126.,5,h_cerberea,capture_area,12.3004,749,2038,60.8923287,165.6856688,2,
PXL_20250720_063639126.,5,h_cerberea,capture_area,12.3004,851,2054,69.18474196,166.9864395,2,
PXL_20250720_063639126.,5,h_cerberea,capture_area,12.3004,858,2094,69.75382914,170.2383662,2,
PXL_20250720_063639126.,5,h_cerberea,capture_area,12.3004,755,2137,61.38011772,173.7341875,2,
PXL_20250720_063639126.,5,h_cerberea,capture_area,12.3004,680,2237,55.28275503,181.8640044,2,
PXL_20250720_063639126.,5,h_cerberea,capture_area,12.3004,688,2266,55.93314039,184.2216513,2,
PXL_20250720_063639126.,5,h_cerberea,capture_area,12.3004,782,2255,63.57516829,183.3273715,2,
PXL_20250720_063639126.,5,h_cerberea,capture_area,12.3004,846,2242,68.77825111,182.2704953,2,
PXL_20250720_063639126.,5,h_cerberea,capture_area,12.3004,894,2216,72.68056323,180.1567429,2,
PXL_20250720_063639126.,5,h_cerberea,capture_area,12.3004,955,2190,77.63975155,178.0429905,2,
PXL_20250720_063639126.,5,h_cerberea,capture_area,12.3004,1078,2198,87.63942636,178.6933758,2,
PXL_20250720_063639126.,5,h_cerberea,capture_area,12.3004,1154,2162,93.81808722,175.7666417,2,
PXL_20250720_063639126.,5,h_cerberea,capture_area,12.3004,1103,2097,89.67188059,170.4822607,2,
PXL_20250720_063639126.,5,h_cerberea,capture_area,12.3004,1053,2059,85.60697213,167.3929303,2,
PXL_20250720_063639126.,5,h_cerberea,capture_area,12.3004,951,2036,77.31455888,165.5230724,2,
PXL_20250720_063639126.,5,h_cerberea,capture_area,12.3004,1262,1219,102.5982895,99.10246821,2,
PXL_20250720_063639126.,5,h_cerberea,capture_area,12.3004,1291,1258,104.9559364,102.2730968,2,
PXL_20250720_063639126.,5,h_cerberea,capture_area,12.3004,1326,1372,107.8013723,111.5410881,2,
PXL_20250720_063639126.,5,h_cerberea,capture_area,12.3004,1351,1457,109.8338265,118.4514325,2,
PXL_20250720_063639126.,5,h_cerberea,capture_area,12.3004,1356,1506,110.2403174,122.4350428,2,
PXL_20250720_063639126.,5,h_cerberea,capture_area,12.3004,1438,1571,116.9067673,127.7194238,2,
PXL_20250720_063639126.,5,h_cerberea,capture_area,12.3004,1651,1475,134.2232773,119.9147995,2,
PXL_20250720_063639126.,5,h_cerberea,capture_area,12.3004,1600,1362,130.0770707,110.7281064,2,
PXL_20250720_063639126.,5,h_cerberea,capture_area,12.3004,1556,1157,126.4999512,94.06198172,2,
PXL_20250720_063639126.,5,h_cerberea,capture_area,12.3004,1494,1114,121.4594647,90.56616045,2,
PXL_20250720_063639126.,5,h_cerberea,capture_area,12.3004,1403,1047,114.0613313,85.11918312,2,
PXL_20250720_063639126.,5,h_cerberea,capture_area,12.3004,1312,1032,106.6631979,83.89971058,2,
PXL_20250720_063639126.,5,h_cerberea,capture_area,12.3004,1243,1005,101.0536243,81.70466001,2,
PXL_20250720_063639126.,5,h_cerberea,capture_area,12.3004,1195,1124,97.15131215,91.37914214,2,
PXL_20250720_063639126.,5,h_cerberea,capture_area,12.3004,1220,1241,99.18376638,100.8910279,2,
PXL_20250720_063639126.,5,h_cerberea,entrance_width,12.3004,1269,1226,103.1673767,99.6715554,2,
PXL_20250720_063639126.,5,h_cerberea,entrance_width,12.3004,1351,1462,109.8338265,118.8579233,2,
PXL_20250720_063639126.,5,h_cerberea,entrance_width,12.3004,875,1975,71.13589802,160.5638841,2,
PXL_20250720_063639126.,5,h_cerberea,entrance_width,12.3004,1045,2072,84.95658678,168.4498065,2,
PXL_20250720_063652963.,6,h_cerberea,sensory_area,27.9034,1250.5,2669.5,44.81532716,95.66934495,2,
PXL_20250720_063652963.,6,h_cerberea,sensory_area,27.9034,1281.667,2712.333,45.93228782,97.20439086,2,
PXL_20250720_063652963.,6,h_cerberea,sensory_area,27.9034,1429,2593.667,51.21239706,92.95164747,2,
PXL_20250720_063652963.,6,h_cerberea,sensory_area,27.9034,1460.333,2570.333,52.33530681,92.11540529,2,
PXL_20250720_063652963.,6,h_cerberea,sensory_area,27.9034,1627.333,2323.667,58.32024054,83.2754073,2,
PXL_20250720_063652963.,6,h_cerberea,sensory_area,27.9034,1505,2182.667,53.93607947,78.22225965,2,
PXL_20250720_063652963.,6,h_cerberea,sensory_area,27.9034,1513.667,2136,54.24668678,76.54981113,2,
PXL_20250720_063652963.,6,h_cerberea,sensory_area,27.9034,1582.333,2032.667,56.70753385,72.84657067,2,
PXL_20250720_063652963.,6,h_cerberea,sensory_area,27.9034,1662.333,1936,59.57456797,69.38222582,2,
PXL_20250720_063652963.,6,h_cerberea,sensory_area,27.9034,1755.667,1822.667,62.91946501,65.32060609,2,
PXL_20250720_063652963.,6,h_cerberea,sensory_area,27.9034,1655.667,1464.667,59.33567236,52.49062838,2,
PXL_20250720_063652963.,6,h_cerberea,sensory_area,27.9034,1634.333,1322,58.57110603,47.37773891,2,
PXL_20250720_063652963.,6,h_cerberea,sensory_area,27.9034,1602.333,1159.333,57.42429238,41.54809091,2,
PXL_20250720_063652963.,6,h_cerberea,sensory_area,27.9034,1511.667,898,54.17501093,32.18245805,2,
PXL_20250720_063652963.,6,h_cerberea,sensory_area,27.9034,1361,1055.333,48.77541805,37.82094655,2,
PXL_20250720_063652963.,6,h_cerberea,sensory_area,27.9034,1295,1178,46.4101149,42.21707749,2,
PXL_20250720_063652963.,6,h_cerberea,sensory_area,27.9034,1159,1359.333,41.53615688,48.71567623,2,
PXL_20250720_063652963.,6,h_cerberea,sensory_area,27.9034,1054,1463.333,37.7731746,52.44282059,2,
PXL_20250720_063652963.,6,h_cerberea,sensory_area,27.9034,782,1544.667,28.02525857,55.35766251,2,
PXL_20250720_063652963.,6,h_cerberea,sensory_area,27.9034,779.333,1776.667,27.92967882,63.67206147,2,
PXL_20250720_063652963.,6,h_cerberea,sensory_area,27.9034,981.667,1962,35.18090985,70.31401191,2,
PXL_20250720_063652963.,6,h_cerberea,sensory_area,27.9034,1017.667,2027.333,36.47107521,72.65541117,2,
PXL_20250720_063652963.,6,h_cerberea,sensory_area,27.9034,1010,2126,36.19630583,76.19143187,2,
PXL_20250720_063652963.,6,h_cerberea,sensory_area,27.9034,995.333,2240.667,35.67067096,80.30085939,2,
PXL_20250720_063652963.,6,h_cerberea,sensory_area,27.9034,918,2459.333,32.89921658,88.13739544,2,
PXL_20250720_063652963.,6,h_cerberea,sensory_area,27.9034,959.333,2540.667,34.3805056,91.05223736,2,
PXL_20250720_063652963.,6,h_cerberea,sensory_area,27.9034,1122,2370,40.2101536,84.93588595,2,
PXL_20250720_063652963.,6,h_cerberea,sensory_area,27.9034,1146,2487.333,41.07026384,89.14085739,2,
PXL_20250720_063652963.,6,h_cerberea,capture_area,27.9034,1052,1877,37.70149874,67.26778815,2,
PXL_20250720_063652963.,6,h_cerberea,capture_area,27.9034,1064,1965,38.13155386,70.42152569,2,
PXL_20250720_063652963.,6,h_cerberea,capture_area,27.9034,1114,1949,39.92345019,69.84811887,2,
PXL_20250720_063652963.,6,h_cerberea,capture_area,27.9034,1156,1972,41.4286431,70.67239118,2,
PXL_20250720_063652963.,6,h_cerberea,capture_area,27.9034,1140,2136,40.85523628,76.54981113,2,
PXL_20250720_063652963.,6,h_cerberea,capture_area,27.9034,1216,2124,43.5789187,76.11975602,2,
PXL_20250720_063652963.,6,h_cerberea,capture_area,27.9034,1264,2029,45.29913917,72.71515299,2,
PXL_20250720_063652963.,6,h_cerberea,capture_area,27.9034,1279,1976,45.83670807,70.81574288,2,
PXL_20250720_063652963.,6,h_cerberea,capture_area,27.9034,1260,1937,45.15578747,69.41806375,2,
PXL_20250720_063652963.,6,h_cerberea,capture_area,27.9034,1222,1908,43.79394626,68.37876388,2,
PXL_20250720_063652963.,6,h_cerberea,capture_area,27.9034,1168,1881,41.85869822,67.41113986,2,
PXL_20250720_063652963.,6,h_cerberea,capture_area,27.9034,1339,1643,47.98698367,58.88171334,2,
PXL_20250720_063652963.,6,h_cerberea,capture_area,27.9034,1327,1584,47.55692855,56.76727567,2,
PXL_20250720_063652963.,6,h_cerberea,capture_area,27.9034,1357,1541,48.63206634,55.22624483,2,
PXL_20250720_063652963.,6,h_cerberea,capture_area,27.9034,1433,1533,51.35574876,54.93954142,2,
PXL_20250720_063652963.,6,h_cerberea,capture_area,27.9034,1472,1627,52.7534279,58.30830651,2,
PXL_20250720_063652963.,6,h_cerberea,capture_area,27.9034,1461,1779,52.35921071,63.75567135,2,
PXL_20250720_063652963.,6,h_cerberea,capture_area,27.9034,1412,1744,50.6031523,62.50134392,2,
PXL_20250720_063652963.,6,h_cerberea,capture_area,27.9034,1361,1755,48.77541805,62.89556111,2,
PXL_20250720_063652963.,6,h_cerberea,capture_area,27.9034,1342,1724,48.09449744,61.78458539,2,
PXL_20250720_063652963.,6,h_cerberea,entrance_width,27.9034,1337,1638,47.91530781,58.70252371,2,
PXL_20250720_063652963.,6,h_cerberea,entrance_width,27.9034,1354,1758,48.52455256,63.00307489,2,
PXL_20250720_063652963.,6,h_cerberea,entrance_width,27.9034,1144,1876,40.99858799,67.23195023,2,
PXL_20250720_063652963.,6,h_cerberea,entrance_width,27.9034,1262,1896,45.22746332,67.94870876,                                     ,
PXL_20250720_063722241.,7,h_cerberea,sensory_area,23.1006,2018,1440,87.35703835,62.33604322,2,
PXL_20250720_063722241.,7,h_cerberea,sensory_area,23.1006,1855,1602,80.30094456,69.34884808,2,
PXL_20250720_063722241.,7,h_cerberea,sensory_area,23.1006,1802,1934,78.00663186,83.72076916,2,
PXL_20250720_063722241.,7,h_cerberea,sensory_area,23.1006,1703,2071,73.72102889,89.65135105,2,
PXL_20250720_063722241.,7,h_cerberea,sensory_area,23.1006,1447,2221,62.63906565,96.14468888,2,
PXL_20250720_063722241.,7,h_cerberea,sensory_area,23.1006,1444,2299,62.5091989,99.52122456,2,
PXL_20250720_063722241.,7,h_cerberea,sensory_area,23.1006,1257,2433,54.41417106,105.3219397,2,
PXL_20250720_063722241.,7,h_cerberea,sensory_area,23.1006,1067,2450,46.18927647,106.0578513,2,
PXL_20250720_063722241.,7,h_cerberea,sensory_area,23.1006,893,2402,38.65700458,103.9799832,2,
PXL_20250720_063722241.,7,h_cerberea,sensory_area,23.1006,935,2240,40.47513917,96.96717834,2,
PXL_20250720_063722241.,7,h_cerberea,sensory_area,23.1006,903,2216,39.08989377,95.92824429,2,
PXL_20250720_063722241.,7,h_cerberea,sensory_area,23.1006,812,2219,35.15060215,96.05811104,2,
PXL_20250720_063722241.,7,h_cerberea,sensory_area,23.1006,713,2332,30.86499918,100.9497589,2,
PXL_20250720_063722241.,7,h_cerberea,sensory_area,23.1006,535,2516,23.15957161,108.91492,2,
PXL_20250720_063722241.,7,h_cerberea,sensory_area,23.1006,623,2321,26.96899648,100.4735808,2,
PXL_20250720_063722241.,7,h_cerberea,sensory_area,23.1006,352,2352,15.23769945,101.8155373,2,
PXL_20250720_063722241.,7,h_cerberea,sensory_area,23.1006,362,2266,15.67058864,98.09269023,2,
PXL_20250720_063722241.,7,h_cerberea,sensory_area,23.1006,374,2193,16.19005567,94.93259915,2,
PXL_20250720_063722241.,7,h_cerberea,sensory_area,23.1006,377,2164,16.31992243,93.67722051,2,
PXL_20250720_063722241.,7,h_cerberea,sensory_area,23.1006,396,2078,17.14241189,89.95437348,2,
PXL_20250720_063722241.,7,h_cerberea,sensory_area,23.1006,253,1986,10.95209648,85.97179294,2,
PXL_20250720_063722241.,7,h_cerberea,sensory_area,23.1006,282,1885,12.20747513,81.59961213,2,
PXL_20250720_063722241.,7,h_cerberea,sensory_area,23.1006,330,1818,14.28534324,78.69925456,2,
PXL_20250720_063722241.,7,h_cerberea,sensory_area,23.1006,444,1773,19.22027999,76.75125321,2,
PXL_20250720_063722241.,7,h_cerberea,sensory_area,23.1006,457,1670,19.78303594,72.29249457,2,
PXL_20250720_063722241.,7,h_cerberea,sensory_area,23.1006,475,1619,20.56223648,70.0847597,2,
PXL_20250720_063722241.,7,h_cerberea,sensory_area,23.1006,536,1466,23.20286053,63.46155511,2,
PXL_20250720_063722241.,7,h_cerberea,sensory_area,23.1006,660,1420,28.57068648,61.47026484,2,
PXL_20250720_063722241.,7,h_cerberea,sensory_area,23.1006,931,1239,40.3019835,53.63497052,2,
PXL_20250720_063722241.,7,h_cerberea,sensory_area,23.1006,941,1198,40.73487269,51.86012485,2,
PXL_20250720_063722241.,7,h_cerberea,sensory_area,23.1006,1099,1409,47.57452187,60.99408673,2,
PXL_20250720_063722241.,7,h_cerberea,sensory_area,23.1006,1177,1341,50.95105755,58.05044025,2,
PXL_20250720_063722241.,7,h_cerberea,sensory_area,23.1006,1171,1040,50.69132403,45.02047566,2,
PXL_20250720_063722241.,7,h_cerberea,sensory_area,23.1006,1208,918,52.29301403,39.73922755,2,
PXL_20250720_063722241.,7,h_cerberea,sensory_area,23.1006,1262,1118,54.63061566,48.39701133,2,
PXL_20250720_063722241.,7,h_cerberea,sensory_area,23.1006,1513,840,65.4961343,36.36269188,2,
PXL_20250720_063722241.,7,h_cerberea,sensory_area,23.1006,1457,1186,63.07195484,51.34065782,2,
PXL_20250720_063722241.,7,h_cerberea,sensory_area,23.1006,1634,1129,70.73409349,48.87318944,2,
PXL_20250720_063722241.,7,h_cerberea,sensory_area,23.1006,1563,1304,67.66058024,56.44875025,2,
PXL_20250720_063722241.,7,h_cerberea,sensory_area,23.1006,1662,1433,71.94618322,62.03302079,2,
PXL_20250720_063722241.,7,h_cerberea,sensory_area,23.1006,1812,1519,78.43952105,65.75586781,2,
PXL_20250720_063722241.,7,h_cerberea,capture_area,23.1006,902,2012,39.04660485,87.09730483,2,
PXL_20250720_063722241.,7,h_cerberea,capture_area,23.1006,958,1974,41.47078431,85.45232591,2,
PXL_20250720_063722241.,7,h_cerberea,capture_area,23.1006,902,1935,39.04660485,83.76405808,2,
PXL_20250720_063722241.,7,h_cerberea,capture_area,23.1006,829,1965,35.88651377,85.06272564,2,
PXL_20250720_063722241.,7,h_cerberea,capture_area,23.1006,786,1943,34.02509026,84.11036943,2,
PXL_20250720_063722241.,7,h_cerberea,capture_area,23.1006,747,1991,32.33682242,86.18823753,2,
PXL_20250720_063722241.,7,h_cerberea,capture_area,23.1006,733,2046,31.73077756,88.56912807,2,
PXL_20250720_063722241.,7,h_cerberea,capture_area,23.1006,781,2087,33.80864566,90.34397375,2,
PXL_20250720_063722241.,7,h_cerberea,capture_area,23.1006,747,2124,32.33682242,91.94566375,2,
PXL_20250720_063722241.,7,h_cerberea,capture_area,23.1006,773,2170,33.46233431,93.93695402,2,
PXL_20250720_063722241.,7,h_cerberea,capture_area,23.1006,833,2211,36.05966945,95.71179969,2,
PXL_20250720_063722241.,7,h_cerberea,capture_area,23.1006,942,2217,40.77816161,95.97153321,2,
PXL_20250720_063722241.,7,h_cerberea,capture_area,23.1006,995,2211,43.07247431,95.71179969,2,
PXL_20250720_063722241.,7,h_cerberea,capture_area,23.1006,1042,2241,45.1070535,97.01046726,2,
PXL_20250720_063722241.,7,h_cerberea,capture_area,23.1006,1079,2179,46.7087435,94.32655429,2,
PXL_20250720_063722241.,7,h_cerberea,capture_area,23.1006,975,2167,42.20669593,93.80708726,2,
PXL_20250720_063722241.,7,h_cerberea,capture_area,23.1006,936,2131,40.51842809,92.24868618,2,
PXL_20250720_063722241.,7,h_cerberea,capture_area,23.1006,892,2102,38.61371566,90.99330753,2,
PXL_20250720_063722241.,7,h_cerberea,capture_area,23.1006,903,2061,39.08989377,89.21846186,2,
PXL_20250720_063722241.,7,h_cerberea,capture_area,23.1006,1189,1710,51.47052458,74.02405132,2,
PXL_20250720_063722241.,7,h_cerberea,capture_area,23.1006,1140,1690,49.34936755,73.15827295,2,
PXL_20250720_063722241.,7,h_cerberea,capture_area,23.1006,1123,1646,48.61345593,71.25356051,2,
PXL_20250720_063722241.,7,h_cerberea,capture_area,23.1006,1166,1633,50.47487944,70.69080457,2,
PXL_20250720_063722241.,7,h_cerberea,capture_area,23.1006,1211,1587,52.42288079,68.6995143,2,
PXL_20250720_063722241.,7,h_cerberea,capture_area,23.1006,1231,1532,53.28865917,66.31862376,2,
PXL_20250720_063722241.,7,h_cerberea,capture_area,23.1006,1352,1464,58.52661836,63.37497727,2,
PXL_20250720_063722241.,7,h_cerberea,capture_area,23.1006,1339,1540,57.96386241,66.66493511,2,
PXL_20250720_063722241.,7,h_cerberea,capture_area,23.1006,1325,1621,57.35781755,70.17133754,2,
PXL_20250720_063722241.,7,h_cerberea,capture_area,23.1006,1368,1650,59.21924106,71.42671619,2,
PXL_20250720_063722241.,7,h_cerberea,capture_area,23.1006,1435,1597,62.11959863,69.13240349,2,
PXL_20250720_063722241.,7,h_cerberea,capture_area,23.1006,1533,1588,66.36191268,68.74280322,2,
PXL_20250720_063722241.,7,h_cerberea,capture_area,23.1006,1542,1687,66.75151295,73.02840619,2,
PXL_20250720_063722241.,7,h_cerberea,capture_area,23.1006,1558,1774,67.44413565,76.79454213,2,
PXL_20250720_063722241.,7,h_cerberea,capture_area,23.1006,1557,1850,67.40084673,80.08449997,2,
PXL_20250720_063722241.,7,h_cerberea,capture_area,23.1006,1410,1814,61.03737565,78.52609889,2,
PXL_20250720_063722241.,7,h_cerberea,capture_area,23.1006,1343,1801,58.13701809,77.96334294,2,
PXL_20250720_063722241.,7,h_cerberea,capture_area,23.1006,1309,1794,56.66519484,77.66032051,2,
PXL_20250720_063722241.,7,h_cerberea,capture_area,23.1006,1283,1745,55.53968295,75.53916348,2,
PXL_20250720_063722241.,7,h_cerberea,capture_area,23.1006,1274,1724,55.15008268,74.63009619,2,
PXL_20250720_063722241.,7,h_cerberea,capture_area,23.1006,1242,1726,53.76483728,74.71667403,2,
PXL_20250720_063722241.,7,h_cerberea,entrance_width,23.1006,1172,1710,50.73461295,74.02405132,2,
PXL_20250720_063722241.,7,h_cerberea,entrance_width,23.1006,1336,1803,57.83399565,78.04992078,2,
PXL_20250720_063722241.,7,h_cerberea,entrance_width,23.1006,895,1988,38.74358242,86.05837078,2,
PXL_20250720_063722241.,7,h_cerberea,entrance_width,23.1006,980,2174,42.42314052,94.11010969,2,
PXL_20250720_064400754.,8,h_cerberea,sensory_area,14.417,325,2388,22.54283138,165.6377887,2,
PXL_20250720_064400754.,8,h_cerberea,sensory_area,14.417,185,2130,12.83207325,147.7422487,2,
PXL_20250720_064400754.,8,h_cerberea,sensory_area,14.417,327,1972,22.6815565,136.7829646,2,
PXL_20250720_064400754.,8,h_cerberea,sensory_area,14.417,183,1686,12.69334813,116.9452729,2,
PXL_20250720_064400754.,8,h_cerberea,sensory_area,14.417,208,1589,14.42741208,110.2171048,2,
PXL_20250720_064400754.,8,h_cerberea,sensory_area,14.417,450,1749,31.21315114,121.3151141,2,
PXL_20250720_064400754.,8,h_cerberea,sensory_area,14.417,833,1975,57.77901089,136.9910522,2,
PXL_20250720_064400754.,8,h_cerberea,sensory_area,14.417,1068,1836,74.07921204,127.3496567,2,
PXL_20250720_064400754.,8,h_cerberea,sensory_area,14.417,951,1655,65.96379274,114.7950336,2,
PXL_20250720_064400754.,8,h_cerberea,sensory_area,14.417,896,1534,62.14885205,106.4021641,2,
PXL_20250720_064400754.,8,h_cerberea,sensory_area,14.417,853,1397,59.16626205,96.89949365,2,
PXL_20250720_064400754.,8,h_cerberea,sensory_area,14.417,969,1125,67.21231879,78.03287785,2,
PXL_20250720_064400754.,8,h_cerberea,sensory_area,14.417,821,986,56.94666019,68.39148228,2,
PXL_20250720_064400754.,8,h_cerberea,sensory_area,14.417,1090,973,75.60518832,67.48976902,2,
PXL_20250720_064400754.,8,h_cerberea,sensory_area,14.417,1199,416,83.16570715,28.85482417,2,
PXL_20250720_064400754.,8,h_cerberea,sensory_area,14.417,1519,197,105.3617257,13.66442394,2,
PXL_20250720_064400754.,8,h_cerberea,sensory_area,14.417,1812,480,125.6849553,33.29402788,2,
PXL_20250720_064400754.,8,h_cerberea,sensory_area,14.417,1790,783,124.158979,54.31088299,2,
PXL_20250720_064400754.,8,h_cerberea,sensory_area,14.417,2048,1060,142.054519,73.52431158,2,
PXL_20250720_064400754.,8,h_cerberea,sensory_area,14.417,2016,1200,139.8349171,83.23506971,2,
PXL_20250720_064400754.,8,h_cerberea,sensory_area,14.417,1798,1417,124.7138794,98.28674482,2,
PXL_20250720_064400754.,8,h_cerberea,sensory_area,14.417,1418,1361,98.35610737,94.40244156,2,
PXL_20250720_064400754.,8,h_cerberea,sensory_area,14.417,1378,1576,95.58160505,109.3153916,2,
PXL_20250720_064400754.,8,h_cerberea,sensory_area,14.417,1206,1368,83.65124506,94.88797947,2,
PXL_20250720_064400754.,8,h_cerberea,sensory_area,14.417,1222,1567,84.76104599,108.6911285,2,
PXL_20250720_064400754.,8,h_cerberea,sensory_area,14.417,1320,1783,91.55857668,123.6734411,2,
PXL_20250720_064400754.,8,h_cerberea,sensory_area,14.417,1346,1852,93.36200319,128.4594576,2,
PXL_20250720_064400754.,8,h_cerberea,sensory_area,14.417,1298,1997,90.0326004,138.5170285,2,
PXL_20250720_064400754.,8,h_cerberea,sensory_area,14.417,1776,2024,123.1879032,140.3898176,2,
PXL_20250720_064400754.,8,h_cerberea,sensory_area,14.417,1758,2173,121.9393771,150.7248387,2,
PXL_20250720_064400754.,8,h_cerberea,sensory_area,14.417,1550,2301,107.511965,159.6032462,2,
PXL_20250720_064400754.,8,h_cerberea,sensory_area,14.417,1511,2307,104.8068253,160.0194215,2,
PXL_20250720_064400754.,8,h_cerberea,sensory_area,14.417,1495,2477,103.6970243,171.8110564,2,
PXL_20250720_064400754.,8,h_cerberea,sensory_area,14.417,1187,2408,82.33335645,167.0250399,2,
PXL_20250720_064400754.,8,h_cerberea,sensory_area,14.417,1198,2441,83.09634459,169.3140043,2,
PXL_20250720_064400754.,8,h_cerberea,sensory_area,14.417,1146,2577,79.48949157,178.7473122,2,
PXL_20250720_064400754.,8,h_cerberea,sensory_area,14.417,1059,2588,73.45494902,179.5103003,2,
PXL_20250720_064400754.,8,h_cerberea,sensory_area,14.417,995,2415,69.0157453,167.5105778,2,
PXL_20250720_064400754.,8,h_cerberea,sensory_area,14.417,908,2351,62.98120275,163.0713741,2,
PXL_20250720_064400754.,8,h_cerberea,sensory_area,14.417,793,2561,55.00450857,177.6375113,2,
PXL_20250720_064400754.,8,h_cerberea,sensory_area,14.417,745,2567,51.67510578,178.0536866,2,
PXL_20250720_064400754.,8,h_cerberea,sensory_area,14.417,362,2541,25.10924603,176.2502601,2,
PXL_20250720_064400754.,8,h_cerberea,capture_area,14.417,807,1971,55.97558438,136.713602,2,
PXL_20250720_064400754.,8,h_cerberea,capture_area,14.417,748,2042,51.88319345,141.6383436,2,
PXL_20250720_064400754.,8,h_cerberea,capture_area,14.417,771,2161,53.47853229,149.892488,2,
PXL_20250720_064400754.,8,h_cerberea,capture_area,14.417,805,2197,55.83685926,152.3895401,2,
PXL_20250720_064400754.,8,h_cerberea,capture_area,14.417,964,2173,66.865506,150.7248387,2,
PXL_20250720_064400754.,8,h_cerberea,capture_area,14.417,1082,2091,75.05028785,145.037109,2,
PXL_20250720_064400754.,8,h_cerberea,capture_area,14.417,1104,2225,76.57626413,154.3316918,2,
PXL_20250720_064400754.,8,h_cerberea,capture_area,14.417,1154,2164,80.04439204,150.1005757,2,
PXL_20250720_064400754.,8,h_cerberea,capture_area,14.417,1211,2034,83.99805785,141.0834432,2,
PXL_20250720_064400754.,8,h_cerberea,capture_area,14.417,1172,1960,81.29291808,135.9506139,2,
PXL_20250720_064400754.,8,h_cerberea,capture_area,14.417,969,1906,67.21231879,132.2050357,2,
PXL_20250720_064400754.,8,h_cerberea,capture_area,14.417,1247,644,86.49510994,44.66948741,2,
PXL_20250720_064400754.,8,h_cerberea,capture_area,14.417,1176,828,81.57036832,57.4321981,2,
PXL_20250720_064400754.,8,h_cerberea,capture_area,14.417,1196,1090,82.95761948,75.60518832,2,
PXL_20250720_064400754.,8,h_cerberea,capture_area,14.417,1319,1105,91.48921412,76.64562669,2,
PXL_20250720_064400754.,8,h_cerberea,capture_area,14.417,1360,1071,94.333079,74.28729972,2,
PXL_20250720_064400754.,8,h_cerberea,capture_area,14.417,1329,868,92.1828397,60.20670042,2,
PXL_20250720_064400754.,8,h_cerberea,entrance_width,14.417,994,1886,68.94638274,130.8177846,2,
PXL_20250720_064400754.,8,h_cerberea,entrance_width,14.417,1139,1967,79.00395367,136.4361518,2,
PXL_20250720_064400754.,8,h_cerberea,entrance_width,14.417,1224,641,84.8997711,44.46139974,2,
PXL_20250720_064400754.,8,h_cerberea,entrance_width,14.417,1204,1090,83.51251994,75.60518832,2,
PXL_20250720_064839563.,9,h_cerberea,sensory_area,10.4173,1564,539,150.1348718,51.74085416,3,
PXL_20250720_064839563.,9,h_cerberea,sensory_area,10.4173,1535,421,147.3510411,40.41354286,3,
PXL_20250720_064839563.,9,h_cerberea,sensory_area,10.4173,1723,355,165.3979438,34.07792806,3,
PXL_20250720_064839563.,9,h_cerberea,sensory_area,10.4173,1776,248,170.4856345,23.80655256,3,
PXL_20250720_064839563.,9,h_cerberea,sensory_area,10.4173,1788,61,171.6375644,5.855643977,3,
PXL_20250720_064839563.,9,h_cerberea,sensory_area,10.4173,2057,65,197.4599944,6.239620631,3,
PXL_20250720_064839563.,9,h_cerberea,sensory_area,10.4173,2240,153,215.0269264,14.68710702,3,
PXL_20250720_064839563.,9,h_cerberea,sensory_area,10.4173,2355,105,226.0662552,10.07938717,3,
PXL_20250720_064839563.,9,h_cerberea,sensory_area,10.4173,2444,28,234.6097357,2.68783658,3,
PXL_20250720_064839563.,9,h_cerberea,sensory_area,10.4173,2516,309,241.5213155,29.66219654,3,
PXL_20250720_064839563.,9,h_cerberea,sensory_area,10.4173,2612,331,250.7367552,31.77406814,3,
PXL_20250720_064839563.,9,h_cerberea,sensory_area,10.4173,2665,528,255.8244459,50.68491836,3,
PXL_20250720_064839563.,9,h_cerberea,sensory_area,10.4173,2605,923,250.0647961,88.60261296,3,
PXL_20250720_064839563.,9,h_cerberea,sensory_area,10.4173,2469,1024,237.0095898,98.29802348,3,
PXL_20250720_064839563.,9,h_cerberea,sensory_area,10.4173,2383,1215,228.7540918,116.6329087,3,
PXL_20250720_064839563.,9,h_cerberea,sensory_area,10.4173,2488,1441,238.8334789,138.3275897,3,
PXL_20250720_064839563.,9,h_cerberea,sensory_area,10.4173,2555,1747,245.2650879,167.7018037,3,
PXL_20250720_064839563.,9,h_cerberea,sensory_area,10.4173,2293,2008,220.114617,192.7562804,3,
PXL_20250720_064839563.,9,h_cerberea,sensory_area,10.4173,2181,2055,209.3632707,197.2680061,3,
PXL_20250720_064839563.,9,h_cerberea,sensory_area,10.4173,1988,1989,190.8363971,190.9323913,3,
PXL_20250720_064839563.,9,h_cerberea,sensory_area,10.4173,1777,1843,170.5816286,176.9172434,3,
PXL_20250720_064839563.,9,h_cerberea,sensory_area,10.4173,1732,1574,166.2618913,151.0948134,3,
PXL_20250720_064839563.,9,h_cerberea,sensory_area,10.4173,1675,1394,160.790224,133.815864,3,
PXL_20250720_064839563.,9,h_cerberea,sensory_area,10.4173,1703,1315,163.4780605,126.2323251,3,
PXL_20250720_064839563.,9,h_cerberea,sensory_area,10.4173,1679,1167,161.1742006,112.0251889,3,
PXL_20250720_064839563.,9,h_cerberea,sensory_area,10.4173,1649,1057,158.2943757,101.4658309,3,
PXL_20250720_064839563.,9,h_cerberea,sensory_area,10.4173,1748,1041,167.7977979,99.92992426,3,
PXL_20250720_064839563.,9,h_cerberea,sensory_area,10.4173,1753,985,168.2777687,94.5542511,3,
PXL_20250720_064839563.,9,h_cerberea,sensory_area,10.4173,1777,898,170.5816286,86.20275887,3,
PXL_20250720_064839563.,9,h_cerberea,sensory_area,10.4173,1612,663,154.7425917,63.64413044,3,
PXL_20250720_064839563.,9,h_cerberea,capture_area,10.4173,2071,801,198.8039127,76.89132501,3,*Capture for 2 entrances 
PXL_20250720_064839563.,9,h_cerberea,capture_area,10.4173,2004,771,192.3723038,74.0115001,3,
PXL_20250720_064839563.,9,h_cerberea,capture_area,10.4173,1938,801,186.036689,76.89132501,3,
PXL_20250720_064839563.,9,h_cerberea,capture_area,10.4173,1865,912,179.029115,87.54667716,3,
PXL_20250720_064839563.,9,h_cerberea,capture_area,10.4173,1844,928,177.0132376,89.08258378,3,
PXL_20250720_064839563.,9,h_cerberea,capture_area,10.4173,1881,1032,180.5650216,99.06597679,3,
PXL_20250720_064839563.,9,h_cerberea,capture_area,10.4173,1951,1056,187.2846131,101.3698367,3,
PXL_20250720_064839563.,9,h_cerberea,capture_area,10.4173,1985,985,190.5484147,94.5542511,3,
PXL_20250720_064839563.,9,h_cerberea,capture_area,10.4173,2031,886,194.9641462,85.05082891,3,
PXL_20250720_064839563.,9,h_cerberea,capture_area,10.4173,2079,879,199.571866,84.37886976,3,
PXL_20250720_064839563.,9,h_cerberea,capture_area,10.4173,2103,835,201.875726,80.15512657,3,
PXL_20250720_064839563.,9,h_cerberea,capture_area,10.4173,2181,920,209.3632707,88.31463047,3,
PXL_20250720_064839563.,9,h_cerberea,capture_area,10.4173,2240,994,215.0269264,95.41819857,3,
PXL_20250720_064839563.,9,h_cerberea,capture_area,10.4173,2317,1028,222.418477,98.68200013,3,
PXL_20250720_064839563.,9,h_cerberea,capture_area,10.4173,2375,940,227.9861384,90.23451374,3,
PXL_20250720_064839563.,9,h_cerberea,capture_area,10.4173,2391,827,229.5220451,79.38717326,3,
PXL_20250720_064839563.,9,h_cerberea,capture_area,10.4173,2342,700,224.818331,67.19591449,3,
PXL_20250720_064839563.,9,h_cerberea,capture_area,10.4173,2279,626,218.7706987,60.09234639,3,
PXL_20250720_064839563.,9,h_cerberea,capture_area,10.4173,2239,624,214.9309322,59.90035806,3,
PXL_20250720_064839563.,9,h_cerberea,capture_area,10.4173,2185,611,209.7472474,58.65243393,3,
PXL_20250720_064839563.,9,h_cerberea,capture_area,10.4173,2109,682,202.4516909,65.46801954,3,
PXL_20250720_064839563.,9,h_cerberea,capture_area,10.4173,1961,1398,188.2445547,134.1998406,3,
PXL_20250720_064839563.,9,h_cerberea,capture_area,10.4173,1912,1373,183.5408407,131.7999866,3,
PXL_20250720_064839563.,9,h_cerberea,capture_area,10.4173,1862,1409,178.7411325,135.2557764,3,
PXL_20250720_064839563.,9,h_cerberea,capture_area,10.4173,1807,1465,173.4614535,140.6314496,3,
PXL_20250720_064839563.,9,h_cerberea,capture_area,10.4173,1787,1491,171.5415703,143.1272979,3,
PXL_20250720_064839563.,9,h_cerberea,capture_area,10.4173,1823,1579,174.9973602,151.5747843,3,
PXL_20250720_064839563.,9,h_cerberea,capture_area,10.4173,1893,1582,181.7169516,151.8627667,3,
PXL_20250720_064839563.,9,h_cerberea,capture_area,10.4173,1969,1539,189.012508,147.7350177,3,
PXL_20250720_064839563.,9,h_cerberea,capture_area,10.4173,1992,1603,191.2203738,153.8786442,3,
PXL_20250720_064839563.,9,h_cerberea,capture_area,10.4173,2175,1633,208.7873057,156.7584691,3,
PXL_20250720_064839563.,9,h_cerberea,capture_area,10.4173,2100,1538,201.5877435,147.6390235,3,
PXL_20250720_064839563.,9,h_cerberea,capture_area,10.4173,1963,1471,188.4365431,141.2074146,3,
PXL_20250720_064839563.,9,h_cerberea,entrance_width,10.4173,1952,1406,187.3806073,134.967794,3,
PXL_20250720_064839563.,9,h_cerberea,entrance_width,10.4173,2111,1498,202.6436793,143.799257,3,
PXL_20250720_064839563.,9,h_cerberea,entrance_width,10.4173,2030,889,194.868152,85.3388114,3,
PXL_20250720_064839563.,9,h_cerberea,entrance_width,10.4173,1978,1047,189.8764555,100.5058892,3,
PXL_20250720_064839563.,9,h_cerberea,entrance_width,10.4173,2136,848,205.0435334,81.40305069,3,
PXL_20250720_064839563.,9,h_cerberea,entrance_width,10.4173,2244,992,215.410903,95.22621025,3,
PXL_20250720_065356279.,10,h_cerberea,sensory_area,11.4002,223,1413,19.56106033,123.9451939,2,
PXL_20250720_065356279.,10,h_cerberea,sensory_area,11.4002,595,1056,52.19206681,92.62995386,2,
PXL_20250720_065356279.,10,h_cerberea,sensory_area,11.4002,765,1066,67.10408589,93.50713145,2,
PXL_20250720_065356279.,10,h_cerberea,sensory_area,11.4002,929,877,81.48979842,76.92847494,2,
PXL_20250720_065356279.,10,h_cerberea,sensory_area,11.4002,1387,1517,121.6645322,133.0678409,2,
PXL_20250720_065356279.,10,h_cerberea,sensory_area,11.4002,1454,1742,127.5416221,152.8043368,2,
PXL_20250720_065356279.,10,h_cerberea,sensory_area,11.4002,1560,1958,136.8397046,171.7513728,2,
PXL_20250720_065356279.,10,h_cerberea,sensory_area,11.4002,1592,2113,139.6466729,185.3476255,2,
PXL_20250720_065356279.,10,h_cerberea,sensory_area,11.4002,1862,2294,163.3304679,201.2245399,2,
PXL_20250720_065356279.,10,h_cerberea,sensory_area,11.4002,2139,2531,187.6282872,222.0136489,2,
PXL_20250720_065356279.,10,h_cerberea,sensory_area,11.4002,2103,2625,184.4704479,230.2591183,2,
PXL_20250720_065356279.,10,h_cerberea,sensory_area,11.4002,1977,2666,173.4180102,233.8555464,2,
PXL_20250720_065356279.,10,h_cerberea,sensory_area,11.4002,2181,3116,191.3124331,273.3285381,2,
PXL_20250720_065356279.,10,h_cerberea,sensory_area,11.4002,2041,3143,179.0319468,275.6969176,2,
PXL_20250720_065356279.,10,h_cerberea,sensory_area,11.4002,1666,3171,146.1377871,278.1530149,2,
PXL_20250720_065356279.,10,h_cerberea,sensory_area,11.4002,1587,3569,139.2080841,313.0646831,2,
PXL_20250720_065356279.,10,h_cerberea,sensory_area,11.4002,1226,3117,107.5419729,273.4162559,2,
PXL_20250720_065356279.,10,h_cerberea,sensory_area,11.4002,1072,3145,94.03343801,275.8723531,2,
PXL_20250720_065356279.,10,h_cerberea,sensory_area,11.4002,852,2998,74.73553096,262.9778425,2,
PXL_20250720_065356279.,10,h_cerberea,sensory_area,11.4002,735,2911,64.47255311,255.3463974,2,
PXL_20250720_065356279.,10,h_cerberea,sensory_area,11.4002,1057,2464,92.71767162,216.136559,2,
PXL_20250720_065356279.,10,h_cerberea,sensory_area,11.4002,774,2363,67.89354573,207.2770653,2,
PXL_20250720_065356279.,10,h_cerberea,sensory_area,11.4002,338,2199,29.64860266,192.8913528,2,
PXL_20250720_065356279.,10,h_cerberea,sensory_area,11.4002,442,2126,38.77124963,186.4879564,2,
PXL_20250720_065356279.,10,h_cerberea,sensory_area,11.4002,450,2045,39.4729917,179.3828178,2,
PXL_20250720_065356279.,10,h_cerberea,sensory_area,11.4002,461,1847,40.43788705,162.0147015,2,
PXL_20250720_065356279.,10,h_cerberea,sensory_area,11.4002,505,1644,44.29746847,144.2079964,2,
PXL_20250720_065356279.,10,h_cerberea,capture_area,11.4002,1190,1674,104.3841336,146.8395291,2,
PXL_20250720_065356279.,10,h_cerberea,capture_area,11.4002,1274,1600,111.7524254,140.3484149,2,
PXL_20250720_065356279.,10,h_cerberea,capture_area,11.4002,1117,1515,97.98073718,132.8924054,2,
PXL_20250720_065356279.,10,h_cerberea,capture_area,11.4002,1010,1519,88.59493693,133.2432764,2,
PXL_20250720_065356279.,10,h_cerberea,capture_area,11.4002,972,1558,85.26166208,136.664269,2,
PXL_20250720_065356279.,10,h_cerberea,capture_area,11.4002,989,1680,86.75286398,147.3658357,2,
PXL_20250720_065356279.,10,h_cerberea,capture_area,11.4002,898,1726,78.77054789,151.4008526,2,
PXL_20250720_065356279.,10,h_cerberea,capture_area,11.4002,885,1761,77.63021701,154.4709742,2,
PXL_20250720_065356279.,10,h_cerberea,capture_area,11.4002,998,1925,87.54232382,168.8566867,2,
PXL_20250720_065356279.,10,h_cerberea,capture_area,11.4002,1101,1908,96.57725303,167.3654848,2,
PXL_20250720_065356279.,10,h_cerberea,capture_area,11.4002,1542,2342,135.2607849,205.4349924,2,
PXL_20250720_065356279.,10,h_cerberea,capture_area,11.4002,1651,2442,144.8220207,214.2067683,2,
PXL_20250720_065356279.,10,h_cerberea,capture_area,11.4002,1611,2634,141.3133103,231.0485781,2,
PXL_20250720_065356279.,10,h_cerberea,capture_area,11.4002,1442,2596,126.489009,227.7153032,2,
PXL_20250720_065356279.,10,h_cerberea,capture_area,11.4002,1381,2522,121.1382256,221.224189,2,
PXL_20250720_065356279.,10,h_cerberea,capture_area,11.4002,1293,2709,113.4190628,237.62741,2,
PXL_20250720_065356279.,10,h_cerberea,capture_area,11.4002,1180,2747,103.506956,240.9606849,2,
PXL_20250720_065356279.,10,h_cerberea,capture_area,11.4002,1130,2719,99.12106805,238.5045876,2,
PXL_20250720_065356279.,10,h_cerberea,capture_area,11.4002,1243,2452,109.0331749,215.0839459,2,
PXL_20250720_065356279.,10,h_cerberea,entrance_width,11.4002,1184,1675,103.8578271,146.9272469,2,
PXL_20250720_065356279.,10,h_cerberea,entrance_width,11.4002,1105,1903,96.92812407,166.926896,2,
PXL_20250720_065356279.,10,h_cerberea,entrance_width,11.4002,1517,2370,133.0678409,207.8910896,2,
PXL_20250720_065356279.,10,h_cerberea,entrance_width,11.4002,1272,2423,111.5769899,212.5401309,2,
PXL_20250720_065845581.,11,h_cerberea,sensory_area,10.3089,386,2266,37.44337417,219.810067,4,
PXL_20250720_065845581.,11,h_cerberea,sensory_area,10.3089,326,2358,31.62316057,228.7343946,4,
PXL_20250720_065845581.,11,h_cerberea,sensory_area,10.3089,558,2505,54.1279865,242.9939179,4,
PXL_20250720_065845581.,11,h_cerberea,sensory_area,10.3089,289,2798,28.03402885,271.415961,4,
PXL_20250720_065845581.,11,h_cerberea,sensory_area,10.3089,641,2655,62.17928198,257.5444519,4,
PXL_20250720_065845581.,11,h_cerberea,sensory_area,10.3089,856,2772,83.03504739,268.8938684,4,
PXL_20250720_065845581.,11,h_cerberea,sensory_area,10.3089,1080,2649,104.7638448,256.9624305,4,
PXL_20250720_065845581.,11,h_cerberea,sensory_area,10.3089,1168,2409,113.3001581,233.6815761,4,
PXL_20250720_065845581.,11,h_cerberea,sensory_area,10.3089,1238,2382,120.0904073,231.06248,4,
PXL_20250720_065845581.,11,h_cerberea,sensory_area,10.3089,1334,2330,129.4027491,226.0182949,4,
PXL_20250720_065845581.,11,h_cerberea,sensory_area,10.3089,1437,2363,139.3941158,229.2194124,4,
PXL_20250720_065845581.,11,h_cerberea,sensory_area,10.3089,1569,2603,152.1985857,252.5002668,4,
PXL_20250720_065845581.,11,h_cerberea,sensory_area,10.3089,1860,2634,180.4266217,255.5073771,4,
PXL_20250720_065845581.,11,h_cerberea,sensory_area,10.3089,2082,2356,201.961412,228.5403874,4,
PXL_20250720_065845581.,11,h_cerberea,sensory_area,10.3089,2251,2187,218.3550136,212.1467858,4,
PXL_20250720_065845581.,11,h_cerberea,sensory_area,10.3089,1857,1850,180.135611,179.4565861,4,
PXL_20250720_065845581.,11,h_cerberea,sensory_area,10.3089,1537,2047,149.0944718,198.5662874,4,
PXL_20250720_065845581.,11,h_cerberea,sensory_area,10.3089,1455,1910,141.1401798,185.2767997,4,
PXL_20250720_065845581.,11,h_cerberea,sensory_area,10.3089,1429,1818,138.6180873,176.3524721,4,
PXL_20250720_065845581.,11,h_cerberea,sensory_area,10.3089,1388,1732,134.6409413,168.010166,4,
PXL_20250720_065845581.,11,h_cerberea,sensory_area,10.3089,1448,1503,140.4611549,145.7963507,4,
PXL_20250720_065845581.,11,h_cerberea,sensory_area,10.3089,1413,1179,137.0660303,114.3671973,4,
PXL_20250720_065845581.,11,h_cerberea,sensory_area,10.3089,1417,951,137.4540446,92.25038559,4,
PXL_20250720_065845581.,11,h_cerberea,sensory_area,10.3089,1380,732,133.8649128,71.00660594,4,
PXL_20250720_065845581.,11,h_cerberea,sensory_area,10.3089,1358,614,131.7308345,59.56018586,4,
PXL_20250720_065845581.,11,h_cerberea,sensory_area,10.3089,1214,606,117.7623219,58.78415738,4,
PXL_20250720_065845581.,11,h_cerberea,sensory_area,10.3089,1101,668,106.8009196,64.7983781,4,
PXL_20250720_065845581.,11,h_cerberea,sensory_area,10.3089,1072,655,103.9878164,63.53733182,4,
PXL_20250720_065845581.,11,h_cerberea,sensory_area,10.3089,940,704,91.18334643,68.29050626,4,
PXL_20250720_065845581.,11,h_cerberea,sensory_area,10.3089,898,669,87.10919691,64.89538166,4,
PXL_20250720_065845581.,11,h_cerberea,sensory_area,10.3089,986,1091,95.64551019,105.830884,4,
PXL_20250720_065845581.,11,h_cerberea,sensory_area,10.3089,910,1293,88.27323963,125.4256031,4,
PXL_20250720_065845581.,11,h_cerberea,sensory_area,10.3089,879,1381,85.26612927,133.9619164,4,
PXL_20250720_065845581.,11,h_cerberea,sensory_area,10.3089,614,1435,59.56018586,139.2001086,4,
PXL_20250720_065845581.,11,h_cerberea,sensory_area,10.3089,345,1341,33.46622821,130.081774,4,
PXL_20250720_065845581.,11,h_cerberea,sensory_area,10.3089,81,1669,7.857288362,161.8989417,4,
PXL_20250720_065845581.,11,h_cerberea,sensory_area,10.3089,292,1761,28.32503953,170.8232692,4,
PXL_20250720_065845581.,11,h_cerberea,sensory_area,10.3089,625,1785,60.62722502,173.1513547,4,
PXL_20250720_065845581.,11,h_cerberea,sensory_area,10.3089,713,1930,69.1635383,187.2168709,4,
PXL_20250720_065845581.,11,h_cerberea,sensory_area,10.3089,760,2079,73.72270562,201.6704013,4,
PXL_20250720_065845581.,11,h_cerberea,sensory_area,10.3089,606,2105,58.78415738,204.1924939,4,
PXL_20250720_065845581.,11,h_cerberea,sensory_area,10.3089,474,2098,45.97968745,203.5134689,4,
PXL_20250720_065845581.,11,h_cerberea,capture_area,10.3089,956,2164,92.73540339,209.9157039,4,
PXL_20250720_065845581.,11,h_cerberea,capture_area,10.3089,817,2177,79.25190855,211.1767502,4,
PXL_20250720_065845581.,11,h_cerberea,capture_area,10.3089,733,2231,71.1036095,216.4149424,4,
PXL_20250720_065845581.,11,h_cerberea,capture_area,10.3089,783,2305,75.9537875,223.5932059,4,
PXL_20250720_065845581.,11,h_cerberea,capture_area,10.3089,752,2457,72.94667714,238.337747,4,
PXL_20250720_065845581.,11,h_cerberea,capture_area,10.3089,899,2363,87.20620047,229.2194124,4,
PXL_20250720_065845581.,11,h_cerberea,capture_area,10.3089,877,2481,85.07212215,240.6658324,4,
PXL_20250720_065845581.,11,h_cerberea,capture_area,10.3089,986,2498,95.64551019,242.314893,4,
PXL_20250720_065845581.,11,h_cerberea,capture_area,10.3089,1110,2403,107.6739516,233.0995548,4,
PXL_20250720_065845581.,11,h_cerberea,capture_area,10.3089,1096,2292,106.3159018,222.3321596,4,
PXL_20250720_065845581.,11,h_cerberea,capture_area,10.3089,1346,2035,130.5667918,197.4022447,4,
PXL_20250720_065845581.,11,h_cerberea,capture_area,10.3089,1461,1907,141.7222012,184.985789,4,
PXL_20250720_065845581.,11,h_cerberea,capture_area,10.3089,1429,2032,138.6180873,197.111234,4,
PXL_20250720_065845581.,11,h_cerberea,capture_area,10.3089,1405,2084,136.2900018,202.1554191,4,
PXL_20250720_065845581.,11,h_cerberea,capture_area,10.3089,1449,2126,140.5581585,206.2295686,4,
PXL_20250720_065845581.,11,h_cerberea,capture_area,10.3089,1533,2065,148.7064575,200.3123515,4,
PXL_20250720_065845581.,11,h_cerberea,capture_area,10.3089,1581,2199,153.3626284,213.3108285,4,
PXL_20250720_065845581.,11,h_cerberea,capture_area,10.3089,1548,2352,150.1615109,228.1523732,4,
PXL_20250720_065845581.,11,h_cerberea,capture_area,10.3089,1439,2362,139.5881229,229.1224088,4,
PXL_20250720_065845581.,11,h_cerberea,capture_area,10.3089,1358,2258,131.7308345,219.0340385,4,
PXL_20250720_065845581.,11,h_cerberea,capture_area,10.3089,1286,2215,124.7465782,214.8628855,4,
PXL_20250720_065845581.,11,h_cerberea,capture_area,10.3089,1326,2130,128.6267206,206.6175829,4,
PXL_20250720_065845581.,11,h_cerberea,capture_area,10.3089,969.5,1107,94.04495145,107.382941,4,
PXL_20250720_065845581.,11,h_cerberea,capture_area,10.3089,1099.5,971.5,106.6554143,94.23895857,4,
PXL_20250720_065845581.,11,h_cerberea,capture_area,10.3089,1120,1086.5,108.6439872,105.394368,4,
PXL_20250720_065845581.,11,h_cerberea,capture_area,10.3089,1192.5,964.5,115.6767453,93.55993365,4,
PXL_20250720_065845581.,11,h_cerberea,capture_area,10.3089,1232,927.5,119.508386,89.97080193,4,
PXL_20250720_065845581.,11,h_cerberea,capture_area,10.3089,1308,978.5,126.8806565,94.91798349,4,
PXL_20250720_065845581.,11,h_cerberea,capture_area,10.3089,1281,1111.5,124.2615604,107.819457,4,
PXL_20250720_065845581.,11,h_cerberea,capture_area,10.3089,1240.5,1175,120.3329162,113.979183,4,
PXL_20250720_065845581.,11,h_cerberea,capture_area,10.3089,1123,1246.5,108.9349979,120.9149376,4,
PXL_20250720_065845581.,11,h_cerberea,capture_area,10.3089,1001.5,1272,97.14906537,123.3885284,4,
PXL_20250720_065845581.,11,h_cerberea,capture_area,10.3089,948,1258.5,91.95937491,122.0789803,4,
PXL_20250720_065845581.,11,h_cerberea,capture_area,10.3089,962.5,1605.5,93.36592653,155.7392156,4,
PXL_20250720_065845581.,11,h_cerberea,capture_area,10.3089,899.5,1545,87.25470225,149.8705002,4,
PXL_20250720_065845581.,11,h_cerberea,capture_area,10.3089,879.5,1480,85.31463105,143.5652688,4,
PXL_20250720_065845581.,11,h_cerberea,capture_area,10.3089,770,1564,74.69274122,151.7135679,4,
PXL_20250720_065845581.,11,h_cerberea,capture_area,10.3089,723.5,1660,70.18207568,161.0259097,4,
PXL_20250720_065845581.,11,h_cerberea,capture_area,10.3089,836,1790,81.09497619,173.6363725,4,
PXL_20250720_065845581.,11,h_cerberea,capture_area,10.3089,968.5,1775,93.94794789,172.1813191,4,
PXL_20250720_065845581.,11,h_cerberea,capture_area,10.3089,999,1682,96.90655647,163.159988,4,
PXL_20250720_065845581.,11,h_cerberea,capture_area,10.3089,992,1620,96.22753155,157.1457672,4,
PXL_20250720_065845581.,11,h_cerberea,entrance_width,10.3089,966,2172,93.70543899,210.6917324,4,
PXL_20250720_065845581.,11,h_cerberea,entrance_width,10.3089,1094,2268,106.1218947,220.0040741,4,
PXL_20250720_065845581.,11,h_cerberea,entrance_width,10.3089,1347,2044,130.6637954,198.2752767,4,
PXL_20250720_065845581.,11,h_cerberea,entrance_width,10.3089,1289,2207,125.0375889,214.086857,4,
PXL_20250720_065845581.,11,h_cerberea,entrance_width,10.3089,993,1628,96.32453511,157.9217957,4,
PXL_20250720_065845581.,11,h_cerberea,entrance_width,10.3089,948,1772,91.95937491,171.8903084,4,*entrance 4 is undeterminable signs of entrance are present including triplines radiating and capture area 
PXL_20250720_065958706.,12,h_cerberea,sensory_area,11.6789,1128,1053,96.5844386,90.16260093,2,
PXL_20250720_065958706.,12,h_cerberea,sensory_area,11.6789,1166,968,99.83816969,82.88451823,2,
          ,12,h_cerberea,sensory_area,11.6789,1186,1076,101.5506597,92.13196448,2,
PXL_20250720_065958706.,12,h_cerberea,sensory_area,11.6789,1223,1062,104.7187663,90.93322145,2,
PXL_20250720_065958706.,12,h_cerberea,sensory_area,11.6789,1413,840,120.9874218,71.92458194,2,
PXL_20250720_065958706.,12,h_cerberea,sensory_area,11.6789,1336,1286,114.3943351,110.11311,2,
PXL_20250720_065958706.,12,h_cerberea,sensory_area,11.6789,1394,1400,119.3605562,119.8743032,2,
PXL_20250720_065958706.,12,h_cerberea,sensory_area,11.6789,1436,1352,122.9567853,115.7643271,2,
PXL_20250720_065958706.,12,h_cerberea,sensory_area,11.6789,1662,1008,142.3079228,86.30949833,2,
PXL_20250720_065958706.,12,h_cerberea,sensory_area,11.6789,1656,1323,141.7941758,113.2812166,2,
PXL_20250720_065958706.,12,h_cerberea,sensory_area,11.6789,1687,1614,144.4485354,138.1979467,2,
PXL_20250720_065958706.,12,h_cerberea,sensory_area,11.6789,2141,1712,183.3220594,146.589148,2,
PXL_20250720_065958706.,12,h_cerberea,sensory_area,11.6789,2263,1735,193.7682487,148.5585115,2,
PXL_20250720_065958706.,12,h_cerberea,sensory_area,11.6789,1995,1830,170.8208821,156.6928392,2,
PXL_20250720_065958706.,12,h_cerberea,sensory_area,11.6789,1961,2015,167.909649,172.5333721,2,
PXL_20250720_065958706.,12,h_cerberea,sensory_area,11.6789,2149,2270,184.0070555,194.3676202,2,
PXL_20250720_065958706.,12,h_cerberea,sensory_area,11.6789,1581,2467,135.3723381,211.2356472,2,
PXL_20250720_065958706.,12,h_cerberea,sensory_area,11.6789,1405,2334,120.3024257,199.8475884,2,
PXL_20250720_065958706.,12,h_cerberea,sensory_area,11.6789,1227,2287,105.0612643,195.8232368,2,
PXL_20250720_065958706.,12,h_cerberea,sensory_area,11.6789,1059,2322,90.67634794,198.8200944,2,
PXL_20250720_065958706.,12,h_cerberea,sensory_area,11.6789,930,2478,79.63078715,212.1775167,2,
PXL_20250720_065958706.,12,h_cerberea,sensory_area,11.6789,781,2525,66.8727363,216.2018683,2,
PXL_20250720_065958706.,12,h_cerberea,sensory_area,11.6789,596,2479,51.03220338,212.2631412,2,
PXL_20250720_065958706.,12,h_cerberea,sensory_area,11.6789,386,2262,33.05105789,193.6826242,2,
PXL_20250720_065958706.,12,h_cerberea,sensory_area,11.6789,381,2094,32.62293538,179.2977078,2,
PXL_20250720_065958706.,12,h_cerberea,sensory_area,11.6789,612,1989,52.40219541,170.3071351,2,
PXL_20250720_065958706.,12,h_cerberea,sensory_area,11.6789,657,1872,56.25529802,160.2890683,2,
PXL_20250720_065958706.,12,h_cerberea,sensory_area,11.6789,779,1759,66.7014873,150.6134996,2,
PXL_20250720_065958706.,12,h_cerberea,sensory_area,11.6789,803,1662,68.75647535,142.3079228,2,
PXL_20250720_065958706.,12,h_cerberea,sensory_area,11.6789,847,1536,72.52395345,131.5192355,2,
PXL_20250720_065958706.,12,h_cerberea,sensory_area,11.6789,954,1473,81.6857752,126.1248919,2,
PXL_20250720_065958706.,12,h_cerberea,sensory_area,11.6789,1035,1225,88.62135989,104.8900153,2,
PXL_20250720_065958706.,12,h_cerberea,capture_area,11.6789,1077,1597,92.21758899,136.7423302,2,
PXL_20250720_065958706.,12,h_cerberea,capture_area,11.6789,1131,1413,96.84131211,120.9874218,2,
PXL_20250720_065958706.,12,h_cerberea,capture_area,11.6789,1243,1381,106.4312564,118.2474377,2,
PXL_20250720_065958706.,12,h_cerberea,capture_area,11.6789,1264,1528,108.2293709,130.8342395,2,
PXL_20250720_065958706.,12,h_cerberea,capture_area,11.6789,1475,1405,126.2961409,120.3024257,2,
PXL_20250720_065958706.,12,h_cerberea,capture_area,11.6789,1611,1572,137.9410732,134.6017176,2,
PXL_20250720_065958706.,12,h_cerberea,capture_area,11.6789,1682,1703,144.0204129,145.8185274,2,
PXL_20250720_065958706.,12,h_cerberea,capture_area,11.6789,1534,1825,131.3479865,156.2647167,2,
PXL_20250720_065958706.,12,h_cerberea,capture_area,11.6789,1660,1987,142.1366738,170.1358861,2,
PXL_20250720_065958706.,12,h_cerberea,capture_area,11.6789,1403,2081,120.1311767,178.1845893,2,
PXL_20250720_065958706.,12,h_cerberea,capture_area,11.6789,1324,2073,113.3668411,177.4995933,2,
PXL_20250720_065958706.,12,h_cerberea,capture_area,11.6789,1280,1929,109.599363,165.169665,2,
PXL_20250720_065958706.,12,h_cerberea,capture_area,11.6789,1181,1897,101.1225372,162.4296809,2,
PXL_20250720_065958706.,12,h_cerberea,capture_area,11.6789,1161,1772,99.41004718,151.7266181,2,
PXL_20250720_065958706.,12,h_cerberea,capture_area,11.6789,1159,1703,99.23879817,145.8185274,2,
PXL_20250720_065958706.,12,h_cerberea,capture_area,11.6789,959,2229,82.11389771,190.8570156,2,
PXL_20250720_065958706.,12,h_cerberea,capture_area,11.6789,1021,2209,87.42261686,189.1445256,2,
PXL_20250720_065958706.,12,h_cerberea,capture_area,11.6789,1086,2256,92.98820951,193.1688772,2,
PXL_20250720_065958706.,12,h_cerberea,capture_area,11.6789,1063,2359,91.01884595,201.9882009,2,
PXL_20250720_065958706.,12,h_cerberea,capture_area,11.6789,975,2381,83.48388975,203.87194,2,
PXL_20250720_065958706.,12,h_cerberea,capture_area,11.6789,902,2301,77.23330108,197.0219798,2,
PXL_20250720_065958706.,12,h_cerberea,capture_area,11.6789,810,2300,69.35584687,196.9363553,2,
PXL_20250720_065958706.,12,h_cerberea,capture_area,11.6789,678,2312,58.05341256,197.9638493,2,
PXL_20250720_065958706.,12,h_cerberea,capture_area,11.6789,611,2291,52.31657091,196.1657348,2,
PXL_20250720_065958706.,12,h_cerberea,capture_area,11.6789,607,2149,51.9740729,184.0070555,2,
PXL_20250720_065958706.,12,h_cerberea,capture_area,11.6789,794,2208,67.98585483,189.0589011,2,
PXL_20250720_065958706.,12,h_cerberea,entrance_width,11.6789,823,2209,70.4689654,189.1445256,2,
PXL_20250720_065958706.,12,h_cerberea,entrance_width,11.6789,956,2248,81.85702421,192.4838812,2,
PXL_20250720_065958706.,12,h_cerberea,entrance_width,11.6789,1163,1692,99.58129618,144.8766579,2,
PXL_20250720_065958706.,12,h_cerberea,entrance_width,11.6789,1186,1882,101.5506597,161.1453133,2,
PXL_20250801_214711919.,13,h_cerberea,sensory_area,9.0483,119,1454,13.15164174,160.6931689,2,
PXL_20250801_214711919.,13,h_cerberea,sensory_area,9.0483,81,1507,8.951957826,166.5506228,2,
PXL_20250801_214711919.,13,h_cerberea,sensory_area,9.0483,110,1549,12.15697976,171.1923787,2,
PXL_20250801_214711919.,13,h_cerberea,sensory_area,9.0483,96,1747,10.60972779,193.0749423,2,
PXL_20250801_214711919.,13,h_cerberea,sensory_area,9.0483,215,1875,23.76136954,207.221246,2,
PXL_20250801_214711919.,13,h_cerberea,sensory_area,9.0483,395,2035,43.65460915,224.9041256,2,
PXL_20250801_214711919.,13,h_cerberea,sensory_area,9.0483,193,2269,21.32997359,250.7653371,2,
PXL_20250801_214711919.,13,h_cerberea,sensory_area,9.0483,608,2269,67.1949427,250.7653371,2,
PXL_20250801_214711919.,13,h_cerberea,sensory_area,9.0483,623,2349,68.85271266,259.606777,2,
PXL_20250801_214711919.,13,h_cerberea,sensory_area,9.0483,658,2433,72.72084259,268.8902888,2,
PXL_20250801_214711919.,13,h_cerberea,sensory_area,9.0483,800,2270,88.41439828,250.8758551,2,
PXL_20250801_214711919.,13,h_cerberea,sensory_area,9.0483,999,2245,110.4074799,248.1129052,2,
PXL_20250801_214711919.,13,h_cerberea,sensory_area,9.0483,1129,2007,124.7748196,221.8096217,2,
PXL_20250801_214711919.,13,h_cerberea,sensory_area,9.0483,1236,2133,136.6002453,235.7348894,2,
PXL_20250801_214711919.,13,h_cerberea,sensory_area,9.0483,1300,2214,143.6733972,244.6868473,2,
PXL_20250801_214711919.,13,h_cerberea,sensory_area,9.0483,1320,2271,145.8837572,250.9863731,2,
PXL_20250801_214711919.,13,h_cerberea,sensory_area,9.0483,1359,2352,150.1939591,259.938331,2,
PXL_20250801_214711919.,13,h_cerberea,sensory_area,9.0483,1529,2293,168.9820187,253.4177691,2,
PXL_20250801_214711919.,13,h_cerberea,sensory_area,9.0483,1623,2283,179.3707105,252.3125891,2,
PXL_20250801_214711919.,13,h_cerberea,sensory_area,9.0483,1725,2370,190.6435463,261.9276549,2,
PXL_20250801_214711919.,13,h_cerberea,sensory_area,9.0483,1842,2399,203.5741521,265.1326769,2,
PXL_20250801_214711919.,13,h_cerberea,sensory_area,9.0483,2086,2515,230.5405435,277.9527646,2,
PXL_20250801_214711919.,13,h_cerberea,sensory_area,9.0483,2235,2420,247.0077252,267.4535548,2,
PXL_20250801_214711919.,13,h_cerberea,sensory_area,9.0483,2173,2313,240.1556093,255.628129,2,
PXL_20250801_214711919.,13,h_cerberea,sensory_area,9.0483,2215,2208,244.7973653,244.0237393,2,
PXL_20250801_214711919.,13,h_cerberea,sensory_area,9.0483,2264,2008,250.2127471,221.9201397,2,
PXL_20250801_214711919.,13,h_cerberea,sensory_area,9.0483,2267,1889,250.5443011,208.7684979,2,
PXL_20250801_214711919.,13,h_cerberea,sensory_area,9.0483,2224,1807,245.7920272,199.7060221,2,
PXL_20250801_214711919.,13,h_cerberea,sensory_area,9.0483,1861,2025,205.673994,223.7989457,2,
PXL_20250801_214711919.,13,h_cerberea,sensory_area,9.0483,1868,1755,206.44762,193.9590862,2,
PXL_20250801_214711919.,13,h_cerberea,sensory_area,9.0483,1640,1859,181.2495165,205.452958,2,
PXL_20250801_214711919.,13,h_cerberea,sensory_area,9.0483,1516,1747,167.5452847,193.0749423,2,
PXL_20250801_214711919.,13,h_cerberea,sensory_area,9.0483,1541,1564,170.3082347,172.8501486,2,
PXL_20250801_214711919.,13,h_cerberea,sensory_area,9.0483,1710,1262,188.9857763,139.4737133,2,
PXL_20250801_214711919.,13,h_cerberea,sensory_area,9.0483,1712,1218,189.2068123,134.6109214,2,
PXL_20250801_214711919.,13,h_cerberea,sensory_area,9.0483,1429,1275,157.9302189,140.9104473,2,
PXL_20250801_214711919.,13,h_cerberea,sensory_area,9.0483,1331,1107,147.0994551,122.3434236,2,
PXL_20250801_214711919.,13,h_cerberea,sensory_area,9.0483,1230,1056,135.9371374,116.7070057,2,
PXL_20250801_214711919.,13,h_cerberea,sensory_area,9.0483,959,1159,105.9867599,128.0903595,2,
PXL_20250801_214711919.,13,h_cerberea,sensory_area,9.0483,898,1271,99.24516207,140.4683753,2,
PXL_20250801_214711919.,13,h_cerberea,sensory_area,9.0483,772,1357,85.31989434,149.9729231,2,
PXL_20250801_214711919.,13,h_cerberea,sensory_area,9.0483,537,1379,59.34816485,152.404319,2,
PXL_20250801_214711919.,13,h_cerberea,sensory_area,9.0483,271,1433,29.95037742,158.3722909,2,
PXL_20250801_214711919.,13,h_cerberea,capture_area,9.0483,1176,1724,129.9691655,190.5330283,2,
PXL_20250801_214711919.,13,h_cerberea,capture_area,9.0483,1152,1808,127.3167335,199.8165401,2,
PXL_20250801_214711919.,13,h_cerberea,capture_area,9.0483,1103,1912,121.9013516,211.3104119,2,
PXL_20250801_214711919.,13,h_cerberea,capture_area,9.0483,967,1984,106.8709039,219.2677077,2,
PXL_20250801_214711919.,13,h_cerberea,capture_area,9.0483,880,1946,97.25583811,215.0680238,2,
PXL_20250801_214711919.,13,h_cerberea,capture_area,9.0483,906,1732,100.1293061,191.4171723,2,
PXL_20250801_214711919.,13,h_cerberea,capture_area,9.0483,942,1595,104.107954,176.2762066,2,
PXL_20250801_214711919.,13,h_cerberea,capture_area,9.0483,1063,1578,117.4806317,174.3974006,2,
PXL_20250801_214711919.,13,h_cerberea,capture_area,9.0483,1177,1580,130.0796835,174.6184366,2,
PXL_20250801_214711919.,13,h_cerberea,capture_area,9.0483,1355,1593,149.7518871,176.0551706,2,
PXL_20250801_214711919.,13,h_cerberea,capture_area,9.0483,1248,1716,137.9264613,189.6488843,2,
PXL_20250801_214711919.,13,h_cerberea,capture_area,9.0483,1629,2143,180.0338185,236.8400694,2,
PXL_20250801_214711919.,13,h_cerberea,capture_area,9.0483,1608,2223,177.7129406,245.6815092,2,
PXL_20250801_214711919.,13,h_cerberea,capture_area,9.0483,1701,2324,187.9911144,256.843827,2,
PXL_20250801_214711919.,13,h_cerberea,capture_area,9.0483,1717,2323,189.7594023,256.733309,2,
PXL_20250801_214711919.,13,h_cerberea,capture_area,9.0483,1779,2277,196.6115182,251.6494811,2,
PXL_20250801_214711919.,13,h_cerberea,capture_area,9.0483,1851,2147,204.568814,237.2821414,2,
PXL_20250801_214711919.,13,h_cerberea,capture_area,9.0483,1819,2059,201.0322381,227.5565576,2,
PXL_20250801_214711919.,13,h_cerberea,capture_area,9.0483,1733,2051,191.5276903,226.6724136,2,
PXL_20250801_214711919.,13,h_cerberea,capture_area,9.0483,1672,2075,184.7860924,229.3248456,2,
PXL_20250801_214711919.,13,h_cerberea,entrance_width,9.0483,1166,1689,128.8639855,186.6648984,2,*entrance 2 is undeterminable width 
PXL_20250801_214711919.,13,h_cerberea,entrance_width,9.0483,1123,1865,124.1117116,206.116066,2,
PXL_20250411_031003277.,1,a_robustus,sensory_area,22.0036,428,2003,19.4513625,91.03055864,3,*discernable entrances
PXL_20250411_031003277.,1,a_robustus,sensory_area,22.0036,813,2030,36.94849934,92.25763057,3,
PXL_20250411_031003277.,1,a_robustus,sensory_area,22.0036,823,2230,37.40297042,101.3470523,3,
PXL_20250411_031003277.,1,a_robustus,sensory_area,22.0036,903,2281,41.03873912,103.6648548,3,
PXL_20250411_031003277.,1,a_robustus,sensory_area,22.0036,850,2480,38.63004236,112.7088295,3,
PXL_20250411_031003277.,1,a_robustus,sensory_area,22.0036,1090,2603,49.53734843,118.2988238,3,
PXL_20250411_031003277.,1,a_robustus,sensory_area,22.0036,1342,2928,60.99001981,133.0691341,3,
PXL_20250411_031003277.,1,a_robustus,sensory_area,22.0036,1445,2832,65.67107201,128.7062117,3,
PXL_20250411_031003277.,1,a_robustus,sensory_area,22.0036,1555,2776,70.67025396,126.1611736,3,
PXL_20250411_031003277.,1,a_robustus,sensory_area,22.0036,1756,2726,79.8051228,123.8888182,3,
PXL_20250411_031003277.,1,a_robustus,sensory_area,22.0036,1765,2491,80.21414678,113.2087477,3,
PXL_20250411_031003277.,1,a_robustus,sensory_area,22.0036,2097,2481,95.30258685,112.7542766,3,
PXL_20250411_031003277.,1,a_robustus,sensory_area,22.0036,2083,2256,94.66632733,102.5286771,3,
PXL_20250411_031003277.,1,a_robustus,sensory_area,22.0036,1523,2050,69.21594648,93.16657274,3,
PXL_20250411_031003277.,1,a_robustus,sensory_area,22.0036,1528,1891,69.44318202,85.94048247,3,
PXL_20250411_031003277.,1,a_robustus,sensory_area,22.0036,1486,1800,67.53440346,81.80479558,3,
PXL_20250411_031003277.,1,a_robustus,sensory_area,22.0036,1645,1802,74.76049374,81.8956898,3,
PXL_20250411_031003277.,1,a_robustus,sensory_area,22.0036,1810,1866,82.25926667,84.80430475,3,
PXL_20250411_031003277.,1,a_robustus,sensory_area,22.0036,2267,2002,103.0285953,90.98511153,3,
PXL_20250411_031003277.,1,a_robustus,sensory_area,22.0036,2248,1887,102.1651003,85.75869403,3,
PXL_20250411_031003277.,1,a_robustus,sensory_area,22.0036,1955,1825,88.84909742,82.9409733,3,
PXL_20250411_031003277.,1,a_robustus,sensory_area,22.0036,1635,1682,74.30602265,76.44203676,3,
PXL_20250411_031003277.,1,a_robustus,sensory_area,22.0036,1589,1596,72.21545565,72.53358541,3,
PXL_20250411_031003277.,1,a_robustus,sensory_area,22.0036,1645,1438,74.76049374,65.35294225,3,
PXL_20250411_031003277.,1,a_robustus,sensory_area,22.0036,1713,1244,77.85089713,56.53620317,3,
PXL_20250411_031003277.,1,a_robustus,sensory_area,22.0036,1622,1094,73.71521024,49.71913687,3,
PXL_20250411_031003277.,1,a_robustus,sensory_area,22.0036,1378,1292,62.62611573,58.71766438,3,
PXL_20250411_031003277.,1,a_robustus,sensory_area,22.0036,1221,1292,55.49091967,58.71766438,3,
PXL_20250411_031003277.,1,a_robustus,sensory_area,22.0036,1515,1486,68.85236961,67.53440346,3,
PXL_20250411_031003277.,1,a_robustus,sensory_area,22.0036,1516,1648,68.89781672,74.89683506,3,
PXL_20250411_031003277.,1,a_robustus,sensory_area,22.0036,1249,1578,56.76343871,71.71553746,3,
PXL_20250411_031003277.,1,a_robustus,sensory_area,22.0036,1062,1712,48.26482939,77.80545002,3,
PXL_20250411_031003277.,1,a_robustus,sensory_area,22.0036,924,1777,41.9931284,80.75951208,3,
PXL_20250411_031003277.,1,a_robustus,sensory_area,22.0036,751,1886,34.1307786,85.71324692,3,
PXL_20250411_031003277.,1,a_robustus,capture_area,22.0036,1194,2045,54.26384773,92.9393372,3,
PXL_20250411_031003277.,1,a_robustus,capture_area,22.0036,1278,2369,58.08140486,107.6642004,3,
PXL_20250411_031003277.,1,a_robustus,capture_area,22.0036,1149,2330,52.21872784,105.8917632,3,
PXL_20250411_031003277.,1,a_robustus,capture_area,22.0036,920,2207,41.81133996,100.3017688,3,
PXL_20250411_031003277.,1,a_robustus,capture_area,22.0036,865,2171,39.31174899,98.66567289,3,
PXL_20250411_031003277.,1,a_robustus,capture_area,22.0036,701,1991,31.85842317,90.48519333,3,
PXL_20250411_031003277.,1,a_robustus,capture_area,22.0036,777,1886,35.31240342,85.71324692,3,
PXL_20250411_031003277.,1,a_robustus,capture_area,22.0036,854,1888,38.81183079,85.80414114,3,
PXL_20250411_031003277.,1,a_robustus,capture_area,22.0036,1121,1891,50.9462088,85.94048247,3,
PXL_20250411_031003277.,1,a_robustus,capture_area,22.0036,1236,1856,56.1726263,84.34983366,3,
PXL_20250411_031003277.,1,a_robustus,capture_area,22.0036,1403,1779,63.76229344,80.8504063,3,
PXL_20250411_031003277.,1,a_robustus,capture_area,22.0036,1496,1685,67.98887455,76.57837808,3,
PXL_20250411_031003277.,1,a_robustus,capture_area,22.0036,1554,1619,70.62480685,73.57886891,3,
PXL_20250411_031003277.,1,a_robustus,capture_area,22.0036,1818,1787,82.62284353,81.21398317,3,
PXL_20250411_031003277.,1,a_robustus,capture_area,22.0036,2024,1865,91.98494792,84.75885764,3,
PXL_20250411_031003277.,1,a_robustus,capture_area,22.0036,1990,1920,90.43974622,87.25844862,3,
PXL_20250411_031003277.,1,a_robustus,capture_area,22.0036,1585,1765,72.03366722,80.21414678,3,
PXL_20250411_031003277.,1,a_robustus,capture_area,22.0036,1491,1806,67.761639,82.07747823,3,
PXL_20250411_031003277.,1,a_robustus,capture_area,22.0036,1521,1907,69.12505226,86.6676362,3,
PXL_20250411_031003277.,1,a_robustus,capture_area,22.0036,1481,2029,67.30716792,92.21218346,3,
PXL_20250411_031003277.,1,a_robustus,capture_area,22.0036,1438,2131,65.35294225,96.84778854,3,
PXL_20250411_031003277.,1,a_robustus,capture_area,22.0036,1314,2049,59.71750077,93.12112563,3,
PXL_20250411_031003277.,1,a_robustus,capture_area,22.0036,1206,2025,54.80921304,92.03039503,3,
PXL_20250411_031003277.,1,a_robustus,entrance_width,22.0036,997,1994,45.31076733,90.62153466,3,*2 measurable 
PXL_20250411_031003277.,1,a_robustus,entrance_width,22.0036,1164,2040,52.90043447,92.71210166,3,
PXL_20250411_031003277.,1,a_robustus,entrance_width,22.0036,1276,1906,57.99051064,86.6221891,3,
PXL_20250411_031003277.,1,a_robustus,entrance_width,22.0036,1413,1779,64.21676453,80.8504063,3,
PXL_20250411_000854508.,2,a_robustus,sensory_area,20.016,717,994,35.82134293,49.66027178,3,
PXL_20250411_000854508.,2,a_robustus,sensory_area,20.016,488,1269,24.3804956,63.39928058,3,
PXL_20250411_000854508.,2,a_robustus,sensory_area,20.016,935,1251,46.7126299,62.5,3,
PXL_20250411_000854508.,2,a_robustus,sensory_area,20.016,1100,1350,54.95603517,67.44604317,3,
PXL_20250411_000854508.,2,a_robustus,sensory_area,20.016,1222,1390,61.05115907,69.44444444,3,
PXL_20250411_000854508.,2,a_robustus,sensory_area,20.016,1291,1374,64.49840128,68.64508393,3,
PXL_20250411_000854508.,2,a_robustus,sensory_area,20.016,1488,1317,74.34052758,65.79736211,3,
PXL_20250411_000854508.,2,a_robustus,sensory_area,20.016,1406,1087,70.24380496,54.30655476,3,
PXL_20250411_000854508.,2,a_robustus,sensory_area,20.016,1577,933,78.78697042,46.61270983,3,
PXL_20250411_000854508.,2,a_robustus,sensory_area,20.016,1755,944,87.67985612,47.16227018,3,
PXL_20250411_000854508.,2,a_robustus,sensory_area,20.016,1822,977,91.02717826,48.81095124,3,
PXL_20250411_000854508.,2,a_robustus,sensory_area,20.016,1920,856,95.92326139,42.76578737,3,
PXL_20250411_000854508.,2,a_robustus,sensory_area,20.016,2040,882,101.9184652,44.0647482,3,
PXL_20250411_000854508.,2,a_robustus,sensory_area,20.016,2071,974,103.4672262,48.66107114,3,
PXL_20250411_000854508.,2,a_robustus,sensory_area,20.016,2183,1106,109.0627498,55.25579536,3,
PXL_20250411_000854508.,2,a_robustus,sensory_area,20.016,2228,1408,111.3109512,70.34372502,3,
PXL_20250411_000854508.,2,a_robustus,sensory_area,20.016,2546,1382,127.1982414,69.04476419,3,
PXL_20250411_000854508.,2,a_robustus,sensory_area,20.016,2350,1114,117.4060751,55.65547562,3,
PXL_20250411_000854508.,2,a_robustus,sensory_area,20.016,2595,1164,129.646283,58.15347722,3,
PXL_20250411_000854508.,2,a_robustus,sensory_area,20.016,2602,1107,129.9960032,55.3057554,3,
PXL_20250411_000854508.,2,a_robustus,sensory_area,20.016,2669,983,133.3433253,49.11071143,3,
PXL_20250411_000854508.,2,a_robustus,sensory_area,20.016,2559,919,127.8477218,45.91326938,3,
PXL_20250411_000854508.,2,a_robustus,sensory_area,20.016,2399,859,119.8541167,42.91566747,3,
PXL_20250411_000854508.,2,a_robustus,sensory_area,20.016,2369,804,118.3553157,40.16786571,3,
PXL_20250411_000854508.,2,a_robustus,sensory_area,20.016,2378,735,118.804956,36.7206235,3,
PXL_20250411_000854508.,2,a_robustus,sensory_area,20.016,2413,688,120.5535572,34.372502,3,
PXL_20250411_000854508.,2,a_robustus,sensory_area,20.016,2540,579,126.8984812,28.92685851,3,
PXL_20250411_000854508.,2,a_robustus,sensory_area,20.016,2551,549,127.4480416,27.42805755,3,
PXL_20250411_000854508.,2,a_robustus,sensory_area,20.016,2456,608,122.7018385,30.37569944,3,
PXL_20250411_000854508.,2,a_robustus,sensory_area,20.016,2385,589,119.1546763,29.42645883,3,
PXL_20250411_000854508.,2,a_robustus,sensory_area,20.016,2378,517,118.804956,25.82933653,3,
PXL_20250411_000854508.,2,a_robustus,sensory_area,20.016,2267,512,113.2593925,25.57953637,3,
PXL_20250411_000854508.,2,a_robustus,sensory_area,20.016,2277,703,113.7589928,35.12190248,3,
PXL_20250411_000854508.,2,a_robustus,sensory_area,20.016,2183,755,109.0627498,37.71982414,3,
PXL_20250411_000854508.,2,a_robustus,sensory_area,20.016,2082,693,104.0167866,34.62230216,3,
PXL_20250411_000854508.,2,a_robustus,sensory_area,20.016,1993,794,99.57034373,39.66826539,3,
PXL_20250411_000854508.,2,a_robustus,sensory_area,20.016,1910,696,95.42366107,34.77218225,3,
PXL_20250411_000854508.,2,a_robustus,sensory_area,20.016,2033,584,101.568745,29.17665867,3,
PXL_20250411_000854508.,2,a_robustus,sensory_area,20.016,2013,478,100.5695444,23.88089528,3,
PXL_20250411_000854508.,2,a_robustus,sensory_area,20.016,1939,439,96.872502,21.93245404,3,
PXL_20250411_000854508.,2,a_robustus,sensory_area,20.016,1786,425,89.22861711,21.23301359,3,
PXL_20250411_000854508.,2,a_robustus,sensory_area,20.016,1713,412,85.58153477,20.58353317,3,
PXL_20250411_000854508.,2,a_robustus,sensory_area,20.016,1674,454,83.63309353,22.68185452,3,
PXL_20250411_000854508.,2,a_robustus,sensory_area,20.016,1625,562,81.18505196,28.07753797,3,
PXL_20250411_000854508.,2,a_robustus,sensory_area,20.016,1564,564,78.13749001,28.17745803,3,
PXL_20250411_000854508.,2,a_robustus,sensory_area,20.016,1437,619,71.79256595,30.92525979,3,
PXL_20250411_000854508.,2,a_robustus,sensory_area,20.016,1355,530,67.69584333,26.47881695,3,
PXL_20250411_000854508.,2,a_robustus,sensory_area,20.016,1213,543,60.60151878,27.12829736,3,
PXL_20250411_000854508.,2,a_robustus,sensory_area,20.016,1161,615,58.00359712,30.72541966,3,
PXL_20250411_000854508.,2,a_robustus,sensory_area,20.016,1024,648,51.15907274,32.37410072,3,
PXL_20250411_000854508.,2,a_robustus,sensory_area,20.016,1108,723,55.35571543,36.12110312,3,
PXL_20250411_000854508.,2,a_robustus,sensory_area,20.016,1177,764,58.80295763,38.16946443,3,
                             ,2,a_robustus,sensory_area,20.016,1235,862,61.70063949,43.06554756,3,
PXL_20250411_000854508.,2,a_robustus,capture_area,20.016,1091,931.5,54.50639488,46.53776978,3,
PXL_20250411_000854508.,2,a_robustus,capture_area,20.016,1102.333,1008.333,55.07259193,50.37634892,3,
PXL_20250411_000854508.,2,a_robustus,capture_area,20.016,1290,1062.5,64.44844125,53.08253397,3,
PXL_20250411_000854508.,2,a_robustus,capture_area,20.016,1405,1079,70.19384492,53.9068745,3,
PXL_20250411_000854508.,2,a_robustus,capture_area,20.016,1603,893,80.08593125,44.61430855,3,
PXL_20250411_000854508.,2,a_robustus,capture_area,20.016,1766,905.5,88.22941647,45.23880895,3,
PXL_20250411_000854508.,2,a_robustus,capture_area,20.016,1817,914,90.7773781,45.66346922,3,
PXL_20250411_000854508.,2,a_robustus,capture_area,20.016,1801.5,853,90.0029976,42.61590727,3,
PXL_20250411_000854508.,2,a_robustus,capture_area,20.016,2030,878.5,101.4188649,43.88988809,3,
PXL_20250411_000854508.,2,a_robustus,capture_area,20.016,2194,1105.5,109.6123102,55.23081535,3,
PXL_20250411_000854508.,2,a_robustus,capture_area,20.016,2337.5,1032.5,116.7815747,51.58373301,3,
PXL_20250411_000854508.,2,a_robustus,capture_area,20.016,2351,968,117.4560352,48.36131095,3,
PXL_20250411_000854508.,2,a_robustus,capture_area,20.016,2409,876,120.353717,43.76498801,3,
PXL_20250411_000854508.,2,a_robustus,capture_area,20.016,2366,743.5,118.2054357,37.14528377,3,
PXL_20250411_000854508.,2,a_robustus,capture_area,20.016,2304.5,682,115.1328937,34.07274181,3,
PXL_20250411_000854508.,2,a_robustus,capture_area,20.016,2185.5,760.5,109.1876499,37.99460432,3,
PXL_20250411_000854508.,2,a_robustus,capture_area,20.016,2042.5,793,102.0433653,39.61830536,3,
PXL_20250411_000854508.,2,a_robustus,capture_area,20.016,1927,785.5,96.27298161,39.24360512,3,
PXL_20250411_000854508.,2,a_robustus,capture_area,20.016,1897,689.667,94.77418066,34.45578537,3,
PXL_20250411_000854508.,2,a_robustus,capture_area,20.016,1806.333,720.333,90.24445444,35.98785971,3,
PXL_20250411_000854508.,2,a_robustus,capture_area,20.016,1775,804.5,88.67905675,40.19284572,3,
PXL_20250411_000854508.,2,a_robustus,capture_area,20.016,1663,834,83.08353317,41.66666667,3,
PXL_20250411_000854508.,2,a_robustus,capture_area,20.016,1551.5,798,77.51298961,39.86810552,3,
PXL_20250411_000854508.,2,a_robustus,capture_area,20.016,1529.5,740.5,76.4138689,36.99540368,3,
PXL_20250411_000854508.,2,a_robustus,capture_area,20.016,1464.5,753.5,73.16646683,37.64488409,3,
PXL_20250411_000854508.,2,a_robustus,capture_area,20.016,1397,701,69.79416467,35.02198241,3,
PXL_20250411_000854508.,2,a_robustus,capture_area,20.016,1316.5,820,65.77238209,40.96722622,3,
PXL_20250411_000854508.,2,a_robustus,entrance_width,20.016,1593,846,79.58633094,42.26618705,3,
PXL_20250411_000854508.,2,a_robustus,entrance_width,20.016,1744,860,87.13029576,42.9656275,3,
PXL_20250411_000854508.,2,a_robustus,entrance_width,20.016,2058,793,102.8177458,39.61830536,3,
PXL_20250411_000854508.,2,a_robustus,entrance_width,20.016,2013,863,100.5695444,43.11550759,3,
PXL_20250411_021020458.,3,a_robustus,sensory_area,16.8297,909,781,54.01165796,46.40605596,1,
PXL_20250411_021020458.,3,a_robustus,sensory_area,16.8297,683,824,40.58301693,48.96106288,1,
PXL_20250411_021020458.,3,a_robustus,sensory_area,16.8297,599,643,35.59184062,38.2062663,1,
PXL_20250411_021020458.,3,a_robustus,sensory_area,16.8297,475,613,28.22391368,36.42370333,1,
PXL_20250411_021020458.,3,a_robustus,sensory_area,16.8297,414,681,24.59936897,40.4641794,1,
PXL_20250411_021020458.,3,a_robustus,sensory_area,16.8297,684,978,40.64243569,58.11155279,1,
PXL_20250411_021020458.,3,a_robustus,sensory_area,16.8297,673,1046,39.98882927,62.15202885,1,
PXL_20250411_021020458.,3,a_robustus,sensory_area,16.8297,1113,1152,66.13308615,68.45041801,1,
PXL_20250411_021020458.,3,a_robustus,sensory_area,16.8297,1358,1205,80.69068373,71.59961259,1,
PXL_20250411_021020458.,3,a_robustus,sensory_area,16.8297,1626,1309,96.61491292,77.77916422,1,
PXL_20250411_021020458.,3,a_robustus,sensory_area,16.8297,1711,1566,101.665508,93.04978698,1,
PXL_20250411_021020458.,3,a_robustus,sensory_area,16.8297,1730,1811,102.7944645,107.6073846,1,
PXL_20250411_021020458.,3,a_robustus,sensory_area,16.8297,1866,1532,110.8754167,91.02954895,1,
PXL_20250411_021020458.,3,a_robustus,sensory_area,16.8297,2111,1434,125.4330143,85.20650992,1,
PXL_20250411_021020458.,3,a_robustus,sensory_area,16.8297,2392,1709,142.1296874,101.5466705,1,
PXL_20250411_021020458.,3,a_robustus,sensory_area,16.8297,2556,1937,151.874365,115.094149,1,
PXL_20250411_021020458.,3,a_robustus,sensory_area,16.8297,2808,1919,166.8478939,114.0246113,1,
PXL_20250411_021020458.,3,a_robustus,sensory_area,16.8297,2416,1468,143.5557378,87.22674795,1,
PXL_20250411_021020458.,3,a_robustus,sensory_area,16.8297,2485,1397,147.6556326,83.00801559,1,
PXL_20250411_021020458.,3,a_robustus,sensory_area,16.8297,2878,1601,171.0072075,95.12944378,1,
PXL_20250411_021020458.,3,a_robustus,sensory_area,16.8297,3245,1642,192.8138945,97.56561317,1,
PXL_20250411_021020458.,3,a_robustus,sensory_area,16.8297,2549,1276,151.4584336,75.81834495,1,
PXL_20250411_021020458.,3,a_robustus,sensory_area,16.8297,2461,1169,146.2295822,69.46053703,1,
PXL_20250411_021020458.,3,a_robustus,sensory_area,16.8297,3266,1116,194.0616886,66.31134245,1,
PXL_20250411_021020458.,3,a_robustus,sensory_area,16.8297,2661,983,158.1133354,58.40864662,1,
PXL_20250411_021020458.,3,a_robustus,sensory_area,16.8297,2229,1092,132.4444286,64.88529207,1,
PXL_20250411_021020458.,3,a_robustus,sensory_area,16.8297,1927,858,114.4999614,50.98130091,1,
PXL_20250411_021020458.,3,a_robustus,sensory_area,16.8297,1857,721,110.3406478,42.84093002,1,
PXL_20250411_021020458.,3,a_robustus,sensory_area,16.8297,1573,659,93.46571834,39.15696655,1,
PXL_20250411_021020458.,3,a_robustus,sensory_area,16.8297,1424,506,84.61232226,30.06589541,1,
PXL_20250411_021020458.,3,a_robustus,sensory_area,16.8297,1235,586,73.38217556,34.81939666,1,
PXL_20250411_021020458.,3,a_robustus,sensory_area,16.8297,1104,574,65.59831726,34.10637147,1,
PXL_20250411_021020458.,3,a_robustus,capture_area,16.8297,1494,850,88.77163586,50.50595079,1,
PXL_20250411_021020458.,3,a_robustus,capture_area,16.8297,1453,961,86.33546647,57.10143377,1,
PXL_20250411_021020458.,3,a_robustus,capture_area,16.8297,1118,938,66.43017998,55.73480217,1,
PXL_20250411_021020458.,3,a_robustus,capture_area,16.8297,1087,1141,64.58819824,67.79681159,1,
PXL_20250411_021020458.,3,a_robustus,capture_area,16.8297,1522,1214,90.4353613,72.13438148,1,
PXL_20250411_021020458.,3,a_robustus,capture_area,16.8297,1702,1457,101.1307391,86.57314153,1,
PXL_20250411_021020458.,3,a_robustus,capture_area,16.8297,1937,1544,115.094149,91.74257414,1,
PXL_20250411_021020458.,3,a_robustus,capture_area,16.8297,2154,1436,127.9880212,85.32534745,1,
PXL_20250411_021020458.,3,a_robustus,capture_area,16.8297,2278,1550,135.3559481,92.09908673,1,
PXL_20250411_021020458.,3,a_robustus,capture_area,16.8297,2438,1548,144.8629506,91.9802492,1,
PXL_20250411_021020458.,3,a_robustus,capture_area,16.8297,2435,1381,144.6846943,82.05731534,1,
PXL_20250411_021020458.,3,a_robustus,capture_area,16.8297,2621,1345,155.7365847,79.91823978,1,
PXL_20250411_021020458.,3,a_robustus,capture_area,16.8297,2217,1118,131.7314034,66.43017998,1,
PXL_20250411_021020458.,3,a_robustus,capture_area,16.8297,1942,874,115.3912429,51.93200116,1,
PXL_20250411_021020458.,3,a_robustus,capture_area,16.8297,1899,955,112.8362359,56.74492118,1,
PXL_20250411_021020458.,3,a_robustus,capture_area,16.8297,1679,932,99.7641075,55.37828957,1,
PXL_20250411_021020458.,3,a_robustus,capture_area,16.8297,1502,847,89.24698598,50.32769449,1,
PXL_20250411_021020458.,3,a_robustus,entrance_width,16.8297,1720,1041,102.2002769,61.85493503,1,
PXL_20250411_021020458.,3,a_robustus,entrance_width,16.8297,1914,1072,113.7275174,63.69691676,1,
PXL_20250613_230756200.,4,a_robustus,sensory_area,28.9558,1720,1133,59.40087996,39.12860291,1,
PXL_20250613_230756200.,4,a_robustus,sensory_area,28.9558,1536,1263,53.04636722,43.6182043,1,
PXL_20250613_230756200.,4,a_robustus,sensory_area,28.9558,1506,1485,52.01030536,51.28506206,1,
PXL_20250613_230756200.,4,a_robustus,sensory_area,28.9558,1898,1781,65.54818033,61.50753908,1,
PXL_20250613_230756200.,4,a_robustus,sensory_area,28.9558,2244,1761,77.49742711,60.81683117,1,
PXL_20250613_230756200.,4,a_robustus,sensory_area,28.9558,2990,1614,103.260832,55.74012806,1,
PXL_20250613_230756200.,4,a_robustus,sensory_area,28.9558,2973,1306,102.6737303,45.1032263,1,
PXL_20250613_230756200.,4,a_robustus,sensory_area,28.9558,3388,1282,117.0059194,44.27437681,1,
PXL_20250613_230756200.,4,a_robustus,sensory_area,28.9558,3356,1134,115.9007867,39.1631383,1,
PXL_20250613_230756200.,4,a_robustus,sensory_area,28.9558,2793,1073,96.45735915,37.05647919,1,
PXL_20250613_230756200.,4,a_robustus,sensory_area,28.9558,2901,872,100.1871818,30.11486472,1,
PXL_20250613_230756200.,4,a_robustus,sensory_area,28.9558,2830,815,97.73516877,28.14634719,1,
PXL_20250613_230756200.,4,a_robustus,sensory_area,28.9558,2772,621,95.73211585,21.4464805,1,
PXL_20250613_230756200.,4,a_robustus,sensory_area,28.9558,2482,745,85.7168512,25.72886952,1,
PXL_20250613_230756200.,4,a_robustus,sensory_area,28.9558,2257,781,77.94638725,26.97214375,1,
PXL_20250613_230756200.,4,a_robustus,sensory_area,28.9558,1968,693,67.965658,23.93302896,1,
PXL_20250613_230756200.,4,a_robustus,sensory_area,28.9558,1758,896,60.71322498,30.94371421,1,
PXL_20250613_230756200.,4,a_robustus,sensory_area,28.9558,1464,891,50.55981876,30.77103724,1,
PXL_20250613_230756200.,4,a_robustus,sensory_area,28.9558,1411,978,48.72944281,33.77561663,1,
PXL_20250613_230756200.,4,a_robustus,capture_area,28.9558,2228,813,76.94486079,28.0772764,1,
PXL_20250613_230756200.,4,a_robustus,capture_area,28.9558,1825,900,63.02709647,31.08185579,1,
PXL_20250613_230756200.,4,a_robustus,capture_area,28.9558,1654,1002,57.12154387,34.60446612,1,
PXL_20250613_230756200.,4,a_robustus,capture_area,28.9558,1749,1318,60.40240643,45.51765104,1,
PXL_20250613_230756200.,4,a_robustus,capture_area,28.9558,1930,1494,66.65331298,51.59588062,1,
PXL_20250613_230756200.,4,a_robustus,capture_area,28.9558,2403,1491,82.98855497,51.49227443,1,
PXL_20250613_230756200.,4,a_robustus,capture_area,28.9558,2631,1354,90.8626251,46.76092527,1,
PXL_20250613_230756200.,4,a_robustus,capture_area,28.9558,2523,1145,87.13280241,39.54302765,1,
PXL_20250613_230756200.,4,a_robustus,capture_area,28.9558,2417,931,83.4720505,32.15245305,1,
PXL_20250613_230756200.,4,a_robustus,entrance_width,28.9558,2192,1051,75.70158656,36.29670049,1,
PXL_20250613_230756200.,4,a_robustus,entrance_width,28.9558,1886,1047,65.13375559,36.15855891,1,
PXL_20250627_025335465.,5,a_robustus,sensory_area,9.0006,1128,16,125.3249783,1.777659267,3,
PXL_20250627_025335465.,5,a_robustus,sensory_area,9.0006,947,2,105.2152079,0.222207408,3,
PXL_20250627_025335465.,5,a_robustus,sensory_area,9.0006,909,46,100.9932671,5.110770393,3,
PXL_20250627_025335465.,5,a_robustus,sensory_area,9.0006,920,249,102.2154079,27.66482235,3,
PXL_20250627_025335465.,5,a_robustus,sensory_area,9.0006,1244,624,138.213008,69.32871142,3,
PXL_20250627_025335465.,5,a_robustus,sensory_area,9.0006,1321,816,146.7679932,90.66062263,3,
PXL_20250627_025335465.,5,a_robustus,sensory_area,9.0006,932,736,103.5486523,81.77232629,3,
PXL_20250627_025335465.,5,a_robustus,sensory_area,9.0006,860,885,95.54918561,98.32677821,3,
PXL_20250627_025335465.,5,a_robustus,sensory_area,9.0006,758,1030,84.21660778,114.4368153,3,
PXL_20250627_025335465.,5,a_robustus,sensory_area,9.0006,925,1134,102.7709264,125.9916006,3,
PXL_20250627_025335465.,5,a_robustus,sensory_area,9.0006,899,1238,99.88223007,137.5463858,3,
PXL_20250627_025335465.,5,a_robustus,sensory_area,9.0006,854,1508,94.88256338,167.5443859,3,
PXL_20250627_025335465.,5,a_robustus,sensory_area,9.0006,1284,1364,142.6571562,151.5454525,3,
PXL_20250627_025335465.,5,a_robustus,sensory_area,9.0006,1412,1799,156.8784303,199.8755639,3,
PXL_20250627_025335465.,5,a_robustus,sensory_area,9.0006,1449,1820,160.9892674,202.2087416,3,
PXL_20250627_025335465.,5,a_robustus,sensory_area,9.0006,1480,1773,164.4334822,196.9868675,3,
PXL_20250627_025335465.,5,a_robustus,sensory_area,9.0006,1635,1627,181.6545564,180.7657267,3,
PXL_20250627_025335465.,5,a_robustus,sensory_area,9.0006,1861,1677,206.7639935,186.3209119,3,
PXL_20250627_025335465.,5,a_robustus,sensory_area,9.0006,1939,1530,215.4300824,169.9886674,3,
PXL_20250627_025335465.,5,a_robustus,sensory_area,9.0006,2015,1356,223.873964,150.6566229,3,
PXL_20250627_025335465.,5,a_robustus,sensory_area,9.0006,2135,1958,237.2064085,217.5410528,3,
PXL_20250627_025335465.,5,a_robustus,sensory_area,9.0006,2249,1819,249.8722307,202.0976379,3,
PXL_20250627_025335465.,5,a_robustus,sensory_area,9.0006,2408,1677,267.5377197,186.3209119,3,
PXL_20250627_025335465.,5,a_robustus,sensory_area,9.0006,2723,1979,302.5353865,219.8742306,3,
PXL_20250627_025335465.,5,a_robustus,sensory_area,9.0006,2888,1976,320.8674977,219.5409195,3,
PXL_20250627_025335465.,5,a_robustus,sensory_area,9.0006,3074,1828,341.5327867,203.0975713,3,
PXL_20250627_025335465.,5,a_robustus,sensory_area,9.0006,3072,1758,341.3105793,195.320312,3,
PXL_20250627_025335465.,5,a_robustus,sensory_area,9.0006,2985,1604,331.644557,178.2103415,3,
PXL_20250627_025335465.,5,a_robustus,sensory_area,9.0006,3623,1585,402.5287203,176.0993712,3,
PXL_20250627_025335465.,5,a_robustus,sensory_area,9.0006,3644,1525,404.8618981,169.4331489,3,
PXL_20250627_025335465.,5,a_robustus,sensory_area,9.0006,3227,1273,358.5316534,141.4350154,3,
PXL_20250627_025335465.,5,a_robustus,sensory_area,9.0006,3186,1046,353.9764016,116.2144746,3,
PXL_20250627_025335465.,5,a_robustus,sensory_area,9.0006,3586,824,398.4178833,91.54945226,3,
PXL_20250627_025335465.,5,a_robustus,sensory_area,9.0006,3638,655,404.1952759,72.77292625,3,
PXL_20250627_025335465.,5,a_robustus,sensory_area,9.0006,3438,411,381.974535,45.66362243,3,
PXL_20250627_025335465.,5,a_robustus,sensory_area,9.0006,3251,395,361.1981423,43.88596316,3,
PXL_20250627_025335465.,5,a_robustus,sensory_area,9.0006,2975,420,330.53352,46.66355576,3,
PXL_20250627_025335465.,5,a_robustus,sensory_area,9.0006,2799,522,310.979268,57.99613359,3,
PXL_20250627_025335465.,5,a_robustus,sensory_area,9.0006,2619,428,290.9806013,47.5523854,3,
PXL_20250627_025335465.,5,a_robustus,sensory_area,9.0006,2545,460,282.7589272,51.10770393,3,
PXL_20250627_025335465.,5,a_robustus,sensory_area,9.0006,2402,651,266.8710975,72.32851143,3,
PXL_20250627_025335465.,5,a_robustus,sensory_area,9.0006,2271,818,252.3165122,90.88283003,3,
PXL_20250627_025335465.,5,a_robustus,sensory_area,9.0006,2146,721,238.4285492,80.10577073,3,
PXL_20250627_025335465.,5,a_robustus,sensory_area,9.0006,1933,546,214.7634602,60.66262249,3,
PXL_20250627_025335465.,5,a_robustus,sensory_area,9.0006,1830,508,203.3197787,56.44068173,3,
PXL_20250627_025335465.,5,a_robustus,sensory_area,9.0006,1757,426,195.2092083,47.33017799,3,
PXL_20250627_025335465.,5,a_robustus,sensory_area,9.0006,1511,231,167.877697,25.66495567,3,
PXL_20250627_025335465.,5,a_robustus,sensory_area,9.0006,1422,237,157.9894674,26.33157789,3,
PXL_20250627_025335465.,5,a_robustus,capture_area,9.0006,1876,1149,208.4305491,127.6581561,3,
PXL_20250627_025335465.,5,a_robustus,capture_area,9.0006,1636,1415,181.7656601,157.2117414,3,
PXL_20250627_025335465.,5,a_robustus,capture_area,9.0006,1483,1281,164.7667933,142.3238451,3,
PXL_20250627_025335465.,5,a_robustus,capture_area,9.0006,1532,1176,170.2108748,130.6579561,3,
PXL_20250627_025335465.,5,a_robustus,capture_area,9.0006,982,1115,109.1038375,123.8806302,3,
PXL_20250627_025335465.,5,a_robustus,capture_area,9.0006,1002,880,111.3259116,97.77125969,3,
PXL_20250627_025335465.,5,a_robustus,capture_area,9.0006,1280,873,142.2127414,96.99353376,3,
PXL_20250627_025335465.,5,a_robustus,capture_area,9.0006,1372,773,152.4342822,85.88316334,3,
PXL_20250627_025335465.,5,a_robustus,capture_area,9.0006,1236,508,137.3241784,56.44068173,3,
PXL_20250627_025335465.,5,a_robustus,capture_area,9.0006,1011,310,112.3258449,34.4421483,3,
PXL_20250627_025335465.,5,a_robustus,capture_area,9.0006,911,229,101.2154745,25.44274826,3,
PXL_20250627_025335465.,5,a_robustus,capture_area,9.0006,1036,120,115.1034375,13.3324445,3,
PXL_20250627_025335465.,5,a_robustus,capture_area,9.0006,1247,267,138.5463191,29.66468902,3,
PXL_20250627_025335465.,5,a_robustus,capture_area,9.0006,1571,544,174.5439193,60.44041508,3,
PXL_20250627_025335465.,5,a_robustus,capture_area,9.0006,1610,497,178.8769638,55.21854099,3,
PXL_20250627_025335465.,5,a_robustus,capture_area,9.0006,1895,817,210.5415195,90.77172633,3,
PXL_20250627_025335465.,5,a_robustus,capture_area,9.0006,1956,991,217.3188454,110.1037709,3,
PXL_20250627_025335465.,5,a_robustus,capture_area,9.0006,2330,858,258.8716308,95.3269782,3,
PXL_20250627_025335465.,5,a_robustus,capture_area,9.0006,2315,919,257.2050752,102.1043042,3,
PXL_20250627_025335465.,5,a_robustus,capture_area,9.0006,2359,968,262.0936382,107.5483857,3,
PXL_20250627_025335465.,5,a_robustus,capture_area,9.0006,2518,1027,279.7591272,114.1035042,3,
PXL_20250627_025335465.,5,a_robustus,capture_area,9.0006,2830,1201,314.4234829,133.4355487,3,
PXL_20250627_025335465.,5,a_robustus,capture_area,9.0006,2863,1270,318.0899051,141.1017043,3,
PXL_20250627_025335465.,5,a_robustus,capture_area,9.0006,3014,1201,334.8665645,133.4355487,3,
PXL_20250627_025335465.,5,a_robustus,capture_area,9.0006,3023,917,335.8664978,101.8820967,3,
PXL_20250627_025335465.,5,a_robustus,capture_area,9.0006,3023,799,335.8664978,88.77185965,3,
PXL_20250627_025335465.,5,a_robustus,capture_area,9.0006,2923,644,324.7561274,71.5507855,3,
PXL_20250627_025335465.,5,a_robustus,capture_area,9.0006,2740,817,304.4241495,90.77172633,3,
PXL_20250627_025335465.,5,a_robustus,capture_area,9.0006,2532,632,281.314579,70.21754105,3,
PXL_20250627_025335465.,5,a_robustus,capture_area,9.0006,2368,799,263.0935715,88.77185965,3,
PXL_20250627_025335465.,5,a_robustus,entrance_width,9.0006,2338,852,259.7604604,94.66035598,3,
PXL_20250627_025335465.,5,a_robustus,entrance_width,9.0006,2371,960,263.4268827,106.659556,3,
PXL_20250627_025335465.,5,a_robustus,entrance_width,9.0006,1893,819,210.319312,90.99393374,3,
PXL_20250627_025335465.,5,a_robustus,entrance_width,9.0006,1814,937,201.5421194,104.1041708,3,
PXL_20250627_025335465.,5,a_robustus,entrance_width,9.0006,1780,937,197.7645935,104.1041708,3,
PXL_20250627_025335465.,5,a_robustus,entrance_width,9.0006,1814,1105,201.5421194,122.7695931,3,
PXL_20250627_032045869.,6,a_robustus,sensory_area,18.4272,1203,874,65.28392811,47.42988626,3,
PXL_20250627_032045869.,6,a_robustus,sensory_area,18.4272,1308,1167,70.98202657,63.33029435,3,
PXL_20250627_032045869.,6,a_robustus,sensory_area,18.4272,208,1363,11.28766172,73.96674481,3,
PXL_20250627_032045869.,6,a_robustus,sensory_area,18.4272,1392,1431,75.54050534,77.65694191,3,
PXL_20250627_032045869.,6,a_robustus,sensory_area,18.4272,1613,1543,87.53364591,83.73491361,3,
PXL_20250627_032045869.,6,a_robustus,sensory_area,18.4272,1694,1631,91.92932187,88.51046279,3,
PXL_20250627_032045869.,6,a_robustus,sensory_area,18.4272,1858,1796,100.829209,97.46461752,3,
PXL_20250627_032045869.,6,a_robustus,sensory_area,18.4272,1954,1727,106.038899,93.72015282,3,
PXL_20250627_032045869.,6,a_robustus,sensory_area,18.4272,2038,1763,110.5973778,95.67378658,3,
PXL_20250627_032045869.,6,a_robustus,sensory_area,18.4272,2161,1679,117.2722931,91.11530781,3,
PXL_20250627_032045869.,6,a_robustus,sensory_area,18.4272,2192,1625,118.9545889,88.18485717,3,
PXL_20250627_032045869.,6,a_robustus,sensory_area,18.4272,2339,1545,126.9319267,83.84344881,3,
PXL_20250627_032045869.,6,a_robustus,sensory_area,18.4272,2582,1574,140.1189546,85.41720934,3,
PXL_20250627_032045869.,6,a_robustus,sensory_area,18.4272,2521,1378,136.8086307,74.78075888,3,
PXL_20250627_032045869.,6,a_robustus,sensory_area,18.4272,2587,1294,140.3902926,70.22228011,3,
PXL_20250627_032045869.,6,a_robustus,sensory_area,18.4272,2553,1224,138.5451941,66.4235478,3,
PXL_20250627_032045869.,6,a_robustus,sensory_area,18.4272,2312,940,125.4667014,51.01154815,3,
PXL_20250627_032045869.,6,a_robustus,sensory_area,18.4272,2047,940,111.0857862,51.01154815,3,
PXL_20250627_032045869.,6,a_robustus,sensory_area,18.4272,1959,983,106.310237,53.34505514,3,
PXL_20250627_032045869.,6,a_robustus,sensory_area,18.4272,1830,951,99.30971607,51.60849179,3,
PXL_20250627_032045869.,6,a_robustus,sensory_area,18.4272,1701,864,92.3091951,46.88721021,3,
PXL_20250627_032045869.,6,a_robustus,sensory_area,18.4272,1654,903,89.7586177,49.00364678,3,
PXL_20250627_032045869.,6,a_robustus,sensory_area,18.4272,1579,894,85.68854736,48.51523834,3,
PXL_20250627_032045869.,6,a_robustus,sensory_area,18.4272,1518,859,82.3782235,46.61587219,3,
PXL_20250627_032045869.,6,a_robustus,sensory_area,18.4272,1463,893,79.39350525,48.46097074,3,
PXL_20250627_032045869.,6,a_robustus,capture_area,18.4272,2226,1024,120.7996874,55.57002692,3,
PXL_20250627_032045869.,6,a_robustus,capture_area,18.4272,2123,1129,115.2101242,61.26812538,3,
PXL_20250627_032045869.,6,a_robustus,capture_area,18.4272,2160,1148,117.2180255,62.29920986,3,
PXL_20250627_032045869.,6,a_robustus,capture_area,18.4272,2210,1178,119.9314057,63.927238,3,
PXL_20250627_032045869.,6,a_robustus,capture_area,18.4272,2179,1293,118.24911,70.1680125,3,
PXL_20250627_032045869.,6,a_robustus,capture_area,18.4272,2272,1254,123.2959972,68.05157593,3,
PXL_20250627_032045869.,6,a_robustus,capture_area,18.4272,2389,1275,129.6453069,69.19119562,3,
PXL_20250627_032045869.,6,a_robustus,capture_area,18.4272,2417,1164,131.1647999,63.16749153,3,
PXL_20250627_032045869.,6,a_robustus,capture_area,18.4272,2317,1043,125.7380394,56.6011114,3,
PXL_20250627_032045869.,6,a_robustus,capture_area,18.4272,2085,1192,113.1479552,64.68698446,3,
PXL_20250627_032045869.,6,a_robustus,capture_area,18.4272,2007,1216,108.9150821,65.98940696,3,
PXL_20250627_032045869.,6,a_robustus,capture_area,18.4272,1979,1342,107.3955891,72.82712512,3,
PXL_20250627_032045869.,6,a_robustus,capture_area,18.4272,1955,1391,106.0931666,75.48623774,3,
PXL_20250627_032045869.,6,a_robustus,capture_area,18.4272,2061,1383,111.8455327,75.0520969,3,
PXL_20250627_032045869.,6,a_robustus,capture_area,18.4272,2052,1450,111.3571243,78.6880264,3,
PXL_20250627_032045869.,6,a_robustus,capture_area,18.4272,2149,1410,116.6210819,76.51732222,3,
PXL_20250627_032045869.,6,a_robustus,capture_area,18.4272,2185,1313,118.5747156,71.25336459,3,
PXL_20250627_032045869.,6,a_robustus,capture_area,18.4272,2134,1259,115.8070678,68.32291395,3,
PXL_20250627_032045869.,6,a_robustus,capture_area,18.4272,1867,1076,101.3176174,58.39194235,3,
PXL_20250627_032045869.,6,a_robustus,capture_area,18.4272,1768,1016,95.9451246,55.13588608,3,
PXL_20250627_032045869.,6,a_robustus,capture_area,18.4272,1612,994,87.47937831,53.94199878,3,
PXL_20250627_032045869.,6,a_robustus,capture_area,18.4272,1673,1073,90.78970218,58.22913953,3,
PXL_20250627_032045869.,6,a_robustus,capture_area,18.4272,1596,1093,86.61109664,59.31449162,3,
PXL_20250627_032045869.,6,a_robustus,capture_area,18.4272,1674,1173,90.84396978,63.65589997,3,
PXL_20250627_032045869.,6,a_robustus,capture_area,18.4272,1584,1293,85.95988539,70.1680125,3,
PXL_20250627_032045869.,6,a_robustus,capture_area,18.4272,1798,1346,97.57315273,73.04419554,3,
PXL_20250627_032045869.,6,a_robustus,capture_area,18.4272,1807,1236,98.06156117,67.07475905,3,
PXL_20250627_032045869.,6,a_robustus,capture_area,18.4272,1939,1185,105.224885,64.30711123,3,
PXL_20250627_032045869.,6,a_robustus,capture_area,18.4272,1971,1122,106.9614483,60.88825215,3,
PXL_20250627_032045869.,6,a_robustus,entrance_width,18.4272,2222,1031,120.582617,55.94990015,3,
PXL_20250627_032045869.,6,a_robustus,entrance_width,18.4272,2167,1116,117.5978988,60.56264652,3,
PXL_20250627_032045869.,6,a_robustus,entrance_width,18.4272,2010,1220,109.0778849,66.20647738,3,
PXL_20250627_032045869.,6,a_robustus,entrance_width,18.4272,2089,1199,113.3650256,65.06685769,3,
PXL_20250627_032045869.,6,a_robustus,entrance_width,18.4272,2222,1031,120.582617,55.94990015,3,
PXL_20250627_032045869.,6,a_robustus,entrance_width,18.4272,2167,1116,117.5978988,60.56264652,3,
PXL_20250627_033123057.,7,a_robustus,sensory_area,17.4046,1060,1288,60.90343932,74.00342438,6,
PXL_20250627_033123057.,7,a_robustus,sensory_area,17.4046,822,1280,47.22889351,73.54377578,6,
PXL_20250627_033123057.,7,a_robustus,sensory_area,17.4046,541,1276,31.08373648,73.31395148,6,
PXL_20250627_033123057.,7,a_robustus,sensory_area,17.4046,540,1488,31.02628041,85.49463935,6,
PXL_20250627_033123057.,7,a_robustus,sensory_area,17.4046,154,1541,8.848235524,88.53981131,6,
PXL_20250627_033123057.,7,a_robustus,sensory_area,17.4046,101,1765,5.803063558,101.4099721,6,
PXL_20250627_033123057.,7,a_robustus,sensory_area,17.4046,4,2170,0.229824299,124.6796824,6,
PXL_20250627_033123057.,7,a_robustus,sensory_area,17.4046,31,2408,1.78113832,138.3542282,6,
PXL_20250627_033123057.,7,a_robustus,sensory_area,17.4046,20,2601,1.149121497,149.4432506,6,
PXL_20250627_033123057.,7,a_robustus,sensory_area,17.4046,300,2637,17.23682245,151.5116693,6,
PXL_20250627_033123057.,7,a_robustus,sensory_area,17.4046,438,2728,25.16576078,156.7401721,6,
PXL_20250627_033123057.,7,a_robustus,sensory_area,17.4046,660,2656,37.92100939,152.6033348,6,
PXL_20250627_033123057.,7,a_robustus,sensory_area,17.4046,783,2722,44.98810659,156.3954357,6,
PXL_20250627_033123057.,7,a_robustus,sensory_area,17.4046,1063,2590,61.07580755,148.8112338,6,
PXL_20250627_033123057.,7,a_robustus,sensory_area,17.4046,1166,2597,66.99378325,149.2134263,6,
PXL_20250627_033123057.,7,a_robustus,sensory_area,17.4046,1585,2752,91.06787861,158.1191179,6,
PXL_20250627_033123057.,7,a_robustus,sensory_area,17.4046,1630,2648,93.65340197,152.1436862,6,
PXL_20250627_033123057.,7,a_robustus,sensory_area,17.4046,1462,2396,84.0007814,137.6647553,6,
PXL_20250627_033123057.,7,a_robustus,sensory_area,17.4046,1655,2400,95.08980384,137.8945796,6,
PXL_20250627_033123057.,7,a_robustus,sensory_area,17.4046,1792,2269,102.9612861,130.3678338,6,
PXL_20250627_033123057.,7,a_robustus,sensory_area,17.4046,1875,2112,107.7301403,121.34723,6,
PXL_20250627_033123057.,7,a_robustus,sensory_area,17.4046,1723,1932,98.99681693,111.0051366,6,
PXL_20250627_033123057.,7,a_robustus,sensory_area,17.4046,1604,1781,92.15954403,102.3292693,6,
PXL_20250627_033123057.,7,a_robustus,sensory_area,17.4046,1347,1798,77.3933328,103.3060225,6,
PXL_20250627_033123057.,7,a_robustus,sensory_area,17.4046,1298,1540,74.57798513,88.48235524,6,
PXL_20250627_033123057.,7,a_robustus,capture_area,17.4046,605,1954,34.76092527,112.2691702,6,
PXL_20250627_033123057.,7,a_robustus,capture_area,17.4046,585,2013,33.61180378,115.6590786,6,
PXL_20250627_033123057.,7,a_robustus,capture_area,17.4046,722,2078,41.48328603,119.3937235,6,
PXL_20250627_033123057.,7,a_robustus,capture_area,17.4046,698,2132,40.10434023,122.4963515,6,
PXL_20250627_033123057.,7,a_robustus,capture_area,17.4046,529,2200,30.39426359,126.4033646,6,
PXL_20250627_033123057.,7,a_robustus,capture_area,17.4046,506,2286,29.07277386,131.3445871,6,
PXL_20250627_033123057.,7,a_robustus,capture_area,17.4046,649,2320,37.28899257,133.2980936,6,
PXL_20250627_033123057.,7,a_robustus,capture_area,17.4046,634,2446,36.42715144,140.537559,6,
PXL_20250627_033123057.,7,a_robustus,capture_area,17.4046,832,2350,47.80345426,135.0217759,6,
PXL_20250627_033123057.,7,a_robustus,capture_area,17.4046,992,2350,56.99642623,135.0217759,6,
PXL_20250627_033123057.,7,a_robustus,capture_area,17.4046,1154,2264,66.30431035,130.0805534,6,
PXL_20250627_033123057.,7,a_robustus,capture_area,17.4046,1286,2150,73.88851223,123.5305609,6,
PXL_20250627_033123057.,7,a_robustus,capture_area,17.4046,1342,2200,77.10605242,126.4033646,6,
PXL_20250627_033123057.,7,a_robustus,capture_area,17.4046,1440,2110,82.73674776,121.2323179,6,
PXL_20250627_033123057.,7,a_robustus,capture_area,17.4046,1399,2020,80.38104869,116.0612712,6,
PXL_20250627_033123057.,7,a_robustus,capture_area,17.4046,1211,1930,69.57930662,110.8902244,6,
PXL_20250627_033123057.,7,a_robustus,capture_area,17.4046,1259,1862,72.33719821,106.9832113,6,
PXL_20250627_033123057.,7,a_robustus,capture_area,17.4046,1226,1802,70.44114774,103.5358468,6,
PXL_20250627_033123057.,7,a_robustus,capture_area,17.4046,1176,1808,67.568344,103.8805833,6,
PXL_20250627_033123057.,7,a_robustus,capture_area,17.4046,1111,1894,63.83369914,108.8218057,6,
PXL_20250627_033123057.,7,a_robustus,capture_area,17.4046,1032,1885,59.29466923,108.3047011,6,
PXL_20250627_033123057.,7,a_robustus,capture_area,17.4046,1010,1852,58.03063558,106.4086506,6,
PXL_20250627_033123057.,7,a_robustus,capture_area,17.4046,1023,1754,58.77756455,100.7779553,6,
PXL_20250627_033123057.,7,a_robustus,capture_area,17.4046,967,1686,55.56002436,96.87094216,6,
PXL_20250627_033123057.,7,a_robustus,capture_area,17.4046,842,1833,48.37801501,105.3169852,6,
PXL_20250627_033123057.,7,a_robustus,capture_area,17.4046,947,1977,54.41090286,113.5906599,6,
PXL_20250627_033123057.,7,a_robustus,capture_area,17.4046,902,2054,51.8253795,118.0147777,6,
PXL_20250627_033123057.,7,a_robustus,entrance_width,17.4046,1185,1945,68.08544867,111.7520655,6,
PXL_20250627_033123057.,7,a_robustus,entrance_width,17.4046,1187,2059,68.20036082,118.3020581,6,
PXL_20250627_033123057.,7,a_robustus,entrance_width,17.4046,1119,1894,64.29334774,108.8218057,6,
PXL_20250627_033123057.,7,a_robustus,entrance_width,17.4046,1192,1941,68.4876412,111.5222412,6,
PXL_20250627_033123057.,7,a_robustus,entrance_width,17.4046,1013,1874,58.2030038,107.6726842,6,
PXL_20250627_033123057.,7,a_robustus,entrance_width,17.4046,941,1910,54.06616642,109.7411029,6,
PXL_20250627_033123057.,7,a_robustus,entrance_width,17.4046,868,2045,49.87187295,117.497673,6,
PXL_20250627_033123057.,7,a_robustus,entrance_width,17.4046,903,2205,51.88283557,126.690645,6,
PXL_20250627_033123057.,7,a_robustus,entrance_width,17.4046,964,2217,55.38765614,127.3801179,6,
PXL_20250627_033123057.,7,a_robustus,entrance_width,17.4046,1092,2187,62.74203372,125.6564357,6,
PXL_20250627_033123057.,7,a_robustus,entrance_width,17.4046,1091,2147,62.68457764,123.3581927,6,
PXL_20250627_033123057.,7,a_robustus,entrance_width,17.4046,1172,2057,67.3385197,118.1871459,6,
PXL_20250813_232213355.,8,a_robustus,sensory_area,18.6506,1156,890,61.98192015,47.71964441,6,
PXL_20250813_232213355.,8,a_robustus,sensory_area,18.6506,1247,1077,66.86111975,57.74613149,6,
PXL_20250813_232213355.,8,a_robustus,sensory_area,18.6506,1289,1250,69.11305802,67.02197248,6,
PXL_20250813_232213355.,8,a_robustus,sensory_area,18.6506,1641,1323,87.98644548,70.93605568,6,
PXL_20250813_232213355.,8,a_robustus,sensory_area,18.6506,1821,1342,97.63760951,71.95478966,6,
PXL_20250813_232213355.,8,a_robustus,sensory_area,18.6506,1761,1749,94.42055483,93.7771439,6,
PXL_20250813_232213355.,8,a_robustus,sensory_area,18.6506,1987,1779,106.5381275,95.38567124,6,
PXL_20250813_232213355.,8,a_robustus,sensory_area,18.6506,2127,1532,114.0445884,82.14212948,6,
PXL_20250813_232213355.,8,a_robustus,sensory_area,18.6506,2305,1425,123.5885173,76.40504863,6,
PXL_20250813_232213355.,8,a_robustus,sensory_area,18.6506,2734,1308,146.5904582,70.13179201,6,
PXL_20250813_232213355.,8,a_robustus,sensory_area,18.6506,2758,1222,147.8772801,65.5206803,6,
PXL_20250813_232213355.,8,a_robustus,sensory_area,18.6506,2644,923,141.7648762,49.48902448,6,
PXL_20250813_232213355.,8,a_robustus,sensory_area,18.6506,2485,677,133.2396813,36.2991003,6,
PXL_20250813_232213355.,8,a_robustus,sensory_area,18.6506,2411,550,129.2719805,29.48966789,6,
PXL_20250813_232213355.,8,a_robustus,sensory_area,18.6506,2308,518,123.74937,27.7739054,6,
PXL_20250813_232213355.,8,a_robustus,sensory_area,18.6506,2146,445,115.0633224,23.8598222,6,
PXL_20250813_232213355.,8,a_robustus,sensory_area,18.6506,2001,532,107.2887736,28.52455149,6,
PXL_20250813_232213355.,8,a_robustus,sensory_area,18.6506,2115,768,113.4011774,41.17829989,6,
PXL_20250813_232213355.,8,a_robustus,sensory_area,18.6506,1903,840,102.0342509,45.03876551,6,
PXL_20250813_232213355.,8,a_robustus,sensory_area,18.6506,1667,778,89.3805025,41.71447567,6,
PXL_20250813_232213355.,8,a_robustus,sensory_area,18.6506,1632,804,87.50388727,43.1085327,6,
PXL_20250813_232213355.,8,a_robustus,sensory_area,18.6506,1491,954,79.94380878,51.1511694,6,
PXL_20250813_232213355.,8,a_robustus,capture_area,18.6506,1789,1117,95.92184702,59.89083461,6,
PXL_20250813_232213355.,8,a_robustus,capture_area,18.6506,1955,1251,104.822365,67.07559006,6,
PXL_20250813_232213355.,8,a_robustus,capture_area,18.6506,1985,1217,106.4308923,65.25259241,6,
PXL_20250813_232213355.,8,a_robustus,capture_area,18.6506,2119,1108,113.6156478,59.40827641,6,
PXL_20250813_232213355.,8,a_robustus,capture_area,18.6506,2281,1087,122.3016954,58.28230727,6,
PXL_20250813_232213355.,8,a_robustus,capture_area,18.6506,2306,1148,123.6421348,61.55297953,6,
PXL_20250813_232213355.,8,a_robustus,capture_area,18.6506,2311,1225,123.9102227,65.68153303,6,
PXL_20250813_232213355.,8,a_robustus,capture_area,18.6506,2261,1246,121.2293438,66.80750217,6,
PXL_20250813_232213355.,8,a_robustus,capture_area,18.6506,2194,1298,117.6369661,69.59561623,6,
PXL_20250813_232213355.,8,a_robustus,capture_area,18.6506,2011,1274,107.8249493,68.30879436,6,
PXL_20250813_232213355.,8,a_robustus,capture_area,18.6506,2005,1404,107.5032439,75.27907949,6,
PXL_20250813_232213355.,8,a_robustus,capture_area,18.6506,1878,1412,100.6938115,75.70802012,6,
PXL_20250813_232213355.,8,a_robustus,capture_area,18.6506,1847,1308,99.03166654,70.13179201,6,
PXL_20250813_232213355.,8,a_robustus,capture_area,18.6506,1693,1260,90.77455953,67.55814826,6,
PXL_20250813_232213355.,8,a_robustus,capture_area,18.6506,1608,1198,86.2170654,64.23385843,6,
PXL_20250813_232213355.,8,a_robustus,capture_area,18.6506,1526,1101,81.82042401,59.03295336,6,
PXL_20250813_232213355.,8,a_robustus,capture_area,18.6506,1646,990,88.25453337,53.08140221,6,
PXL_20250813_232213355.,8,a_robustus,capture_area,18.6506,2131,1028,114.2590587,55.11887017,6,
PXL_20250813_232213355.,8,a_robustus,capture_area,18.6506,2215,1031,118.7629352,55.2797229,6,
PXL_20250813_232213355.,8,a_robustus,capture_area,18.6506,2301,1017,123.3740469,54.52907681,6,
PXL_20250813_232213355.,8,a_robustus,capture_area,18.6506,2339,922,125.4115149,49.4354069,6,
PXL_20250813_232213355.,8,a_robustus,capture_area,18.6506,2237,888,119.942522,47.61240925,6,
PXL_20250813_232213355.,8,a_robustus,capture_area,18.6506,2180,864,116.88632,46.32558738,6,
PXL_20250813_232213355.,8,a_robustus,capture_area,18.6506,2281,736,122.3016954,39.4625374,6,
PXL_20250813_232213355.,8,a_robustus,capture_area,18.6506,2125,729,113.9373532,39.08721435,6,
PXL_20250813_232213355.,8,a_robustus,capture_area,18.6506,2070,854,110.9883864,45.7894116,6,
PXL_20250813_232213355.,8,a_robustus,capture_area,18.6506,1945,870,104.2861892,46.64729285,6,
PXL_20250813_232213355.,8,a_robustus,capture_area,18.6506,1905,938,102.1414861,50.29328815,6,
PXL_20250813_232213355.,8,a_robustus,capture_area,18.6506,1966,1013,105.4121583,54.3146065,6,
PXL_20250813_232213355.,8,a_robustus,capture_area,18.6506,2017,997,108.1466548,53.45672525,6,
PXL_20250813_232213355.,8,a_robustus,capture_area,18.6506,2061,963,110.5058282,51.6337276,6,
PXL_20250813_232213355.,8,a_robustus,entrance_width,18.6506,1782,1113,95.54652397,59.6763643,6,
PXL_20250813_232213355.,8,a_robustus,entrance_width,18.6506,1792,1202,96.08269975,64.44832874,6,
PXL_20250813_232213355.,8,a_robustus,entrance_width,18.6506,1862,1251,99.83593021,67.07559006,6,
PXL_20250813_232213355.,8,a_robustus,entrance_width,18.6506,1945,1256,104.2861892,67.34367795,6,
PXL_20250813_232213355.,8,a_robustus,entrance_width,18.6506,2126,1127,113.9909708,60.42701039,6,
PXL_20250813_232213355.,8,a_robustus,entrance_width,18.6506,2058,1218,110.3449755,65.30620999,6,
PXL_20250813_232213355.,8,a_robustus,entrance_width,18.6506,2146,937,115.0633224,50.23967057,6,
PXL_20250813_232213355.,8,a_robustus,entrance_width,18.6506,2136,1013,114.5271466,54.3146065,6,
PXL_20250813_232213355.,8,a_robustus,entrance_width,18.6506,2031,930,108.8973009,49.86434753,6,
PXL_20250813_232213355.,8,a_robustus,entrance_width,18.6506,1975,1015,105.8947165,54.42184166,6,
PXL_20250813_232213355.,8,a_robustus,entrance_width,18.6506,2061,887,110.5058282,47.55879167,6,
PXL_20250813_232213355.,8,a_robustus,entrance_width,18.6506,2140,912,114.7416169,48.89923112,6,
PXL_20250813_232315709.,9,a_robustus,sensory_area,15.5003,768,1558,49.54742811,100.5141836,1,
PXL_20250813_232315709.,9,a_robustus,sensory_area,15.5003,739,1739,47.67649658,112.1913769,1,
PXL_20250813_232315709.,9,a_robustus,sensory_area,15.5003,424,1777,27.35430927,114.6429424,1,
PXL_20250813_232315709.,9,a_robustus,sensory_area,15.5003,358,2011,23.09632717,129.7394244,1,
PXL_20250813_232315709.,9,a_robustus,sensory_area,15.5003,332,2282,21.41894028,147.222957,1,
PXL_20250813_232315709.,9,a_robustus,sensory_area,15.5003,660,2006,42.57982104,129.41685,1,
PXL_20250813_232315709.,9,a_robustus,sensory_area,15.5003,886,1977,57.160184,127.5459185,1,
PXL_20250813_232315709.,9,a_robustus,sensory_area,15.5003,1048,2172,67.61159461,140.1263201,1,
PXL_20250813_232315709.,9,a_robustus,sensory_area,15.5003,1180,2361,76.12755882,152.3196325,1,
PXL_20250813_232315709.,9,a_robustus,sensory_area,15.5003,1352,2515,87.22411824,162.2549241,1,
PXL_20250813_232315709.,9,a_robustus,sensory_area,15.5003,1486,2281,95.86911221,147.1584421,1,
PXL_20250813_232315709.,9,a_robustus,sensory_area,15.5003,1577,2260,101.7399663,145.8036296,1,
PXL_20250813_232315709.,9,a_robustus,sensory_area,15.5003,1633,2102,105.3527996,135.6102785,1,
PXL_20250813_232315709.,9,a_robustus,sensory_area,15.5003,1683,1997,108.5785436,128.8362161,1,
PXL_20250813_232315709.,9,a_robustus,sensory_area,15.5003,1456,1848,93.9336658,119.2234989,1,
PXL_20250813_232315709.,9,a_robustus,sensory_area,15.5003,1289,1804,83.15968078,116.3848442,1,
PXL_20250813_232315709.,9,a_robustus,sensory_area,15.5003,1242,1745,80.1274814,112.5784662,1,
PXL_20250813_232315709.,9,a_robustus,sensory_area,15.5003,1214,1679,78.32106475,108.3204841,1,
PXL_20250813_232315709.,9,a_robustus,sensory_area,15.5003,876,1350,56.51503519,87.09508848,1,
PXL_20250813_232315709.,9,a_robustus,capture_area,15.5003,1099,1735,70.90185351,111.9333174,1,
PXL_20250813_232315709.,9,a_robustus,capture_area,15.5003,1023,1749,65.99872261,112.8365257,1,
PXL_20250813_232315709.,9,a_robustus,capture_area,15.5003,950,1813,61.28913634,116.9654781,1,
PXL_20250813_232315709.,9,a_robustus,capture_area,15.5003,891,1905,57.4827584,122.9008471,1,
PXL_20250813_232315709.,9,a_robustus,capture_area,15.5003,994,1918,64.12779108,123.7395405,1,
PXL_20250813_232315709.,9,a_robustus,capture_area,15.5003,988,2029,63.74070179,130.9006922,1,
PXL_20250813_232315709.,9,a_robustus,capture_area,15.5003,1066,2071,68.77286246,133.6103172,1,
PXL_20250813_232315709.,9,a_robustus,capture_area,15.5003,1153,2038,74.38565705,131.4813262,1,
PXL_20250813_232315709.,9,a_robustus,capture_area,15.5003,1250,2171,80.64360045,140.0618053,1,
PXL_20250813_232315709.,9,a_robustus,capture_area,15.5003,1274,2039,82.19195758,131.545841,1,
PXL_20250813_232315709.,9,a_robustus,capture_area,15.5003,1511,2051,97.48198422,132.3200196,1,
PXL_20250813_232315709.,9,a_robustus,capture_area,15.5003,1449,1983,93.48206164,127.9330077,1,
PXL_20250813_232315709.,9,a_robustus,capture_area,15.5003,1448,1877,93.41754676,121.0944304,1,
PXL_20250813_232315709.,9,a_robustus,capture_area,15.5003,1350,1820,87.09508848,117.4170823,1,
PXL_20250813_232315709.,9,a_robustus,capture_area,15.5003,1271,1854,81.99841293,119.6105882,1,
PXL_20250813_232315709.,9,a_robustus,capture_area,15.5003,1296,1927,83.61128494,124.3201744,1,
PXL_20250813_232315709.,9,a_robustus,capture_area,15.5003,1120,1860,72.256666,119.9976775,1,
PXL_20250813_232315709.,9,a_robustus,entrance_width,15.5003,1106,1866,71.35345768,120.3847667,1,
PXL_20250813_232315709.,9,a_robustus,entrance_width,15.5003,1284,1922,82.83710638,123.9976,1,
PXL_20250813_232323472.,10,a_robustus,sensory_area,21.6704,845,1594,38.99328116,73.55655641,2,
PXL_20250813_232323472.,10,a_robustus,sensory_area,21.6704,672,1667,31.01004135,76.92520673,2,
PXL_20250813_232323472.,10,a_robustus,sensory_area,21.6704,575,1715,26.53388955,79.14020969,2,
PXL_20250813_232323472.,10,a_robustus,sensory_area,21.6704,362,2006,16.70481394,92.56866509,2,
PXL_20250813_232323472.,10,a_robustus,sensory_area,21.6704,393,2358,18.13533668,108.8120201,2,
PXL_20250813_232323472.,10,a_robustus,sensory_area,21.6704,621,2618,28.65660071,120.8099527,2,
PXL_20250813_232323472.,10,a_robustus,sensory_area,21.6704,839,2385,38.71640579,110.0579592,2,
PXL_20250813_232323472.,10,a_robustus,sensory_area,21.6704,1161,2041,53.57538393,94.18377141,2,
PXL_20250813_232323472.,10,a_robustus,sensory_area,21.6704,1106,2489,51.03735972,114.8571323,2,
PXL_20250813_232323472.,10,a_robustus,sensory_area,21.6704,1102,2663,50.85277614,122.886518,2,
PXL_20250813_232323472.,10,a_robustus,sensory_area,21.6704,1436,2324,66.26550502,107.2430597,2,
PXL_20250813_232323472.,10,a_robustus,sensory_area,21.6704,1571,2208,72.49520083,101.8901359,2,
PXL_20250813_232323472.,10,a_robustus,sensory_area,21.6704,1922,2289,88.69240992,105.6279533,2,
PXL_20250813_232323472.,10,a_robustus,sensory_area,21.6704,1908,2010,88.0463674,92.75324867,2,
PXL_20250813_232323472.,10,a_robustus,sensory_area,21.6704,1843,1839,85.04688423,84.86230065,2,
PXL_20250813_232323472.,10,a_robustus,sensory_area,21.6704,1624,1924,74.94093325,88.78470171,2,
PXL_20250813_232323472.,10,a_robustus,sensory_area,21.6704,1552,1707,71.61842882,78.77104253,2,
PXL_20250813_232323472.,10,a_robustus,sensory_area,21.6704,1511,1629,69.72644714,75.17166273,2,
PXL_20250813_232323472.,10,a_robustus,sensory_area,21.6704,1388,1574,64.05050207,72.63363851,2,
PXL_20250813_232323472.,10,a_robustus,sensory_area,21.6704,1258,1588,58.05153574,73.27968104,2,
PXL_20250813_232323472.,10,a_robustus,sensory_area,21.6704,1297,1780,59.85122563,82.13969285,2,
PXL_20250813_232323472.,10,a_robustus,sensory_area,21.6704,1201,1827,55.42121973,84.30854991,2,
PXL_20250813_232323472.,10,a_robustus,sensory_area,21.6704,1004,1805,46.33047844,83.29334022,2,
PXL_20250813_232323472.,10,a_robustus,sensory_area,21.6704,971,1662,44.80766391,76.69447726,2,
PXL_20250813_232323472.,10,a_robustus,capture_area,21.6704,995,1798,45.91516539,82.97031896,2,
PXL_20250813_232323472.,10,a_robustus,capture_area,21.6704,851,1676,39.27015653,77.34051979,2,
PXL_20250813_232323472.,10,a_robustus,capture_area,21.6704,737,1874,34.00952451,86.47740697,2,
PXL_20250813_232323472.,10,a_robustus,capture_area,21.6704,723,2088,33.36348198,96.35262847,2,
PXL_20250813_232323472.,10,a_robustus,capture_area,21.6704,867,2066,40.00849084,95.33741878,2,
PXL_20250813_232323472.,10,a_robustus,capture_area,21.6704,1013,2035,46.74579149,93.90689604,2,
PXL_20250813_232323472.,10,a_robustus,capture_area,21.6704,1157,1918,53.39080035,88.50782634,2,
PXL_20250813_232323472.,10,a_robustus,capture_area,21.6704,1229,2008,56.71330478,92.66095688,2,
PXL_20250813_232323472.,10,a_robustus,capture_area,21.6704,1261,2108,58.18997342,97.27554637,2,
PXL_20250813_232323472.,10,a_robustus,capture_area,21.6704,1359,2022,62.71227112,93.30699941,2,
PXL_20250813_232323472.,10,a_robustus,capture_area,21.6704,1468,2022,67.74217366,93.30699941,2,
PXL_20250813_232323472.,10,a_robustus,capture_area,21.6704,1537,1975,70.9262404,91.13814235,2,
PXL_20250813_232323472.,10,a_robustus,capture_area,21.6704,1357,1868,62.61997933,86.2005316,2,
PXL_20250813_232323472.,10,a_robustus,capture_area,21.6704,1475,1840,68.06519492,84.90844654,2,
PXL_20250813_232323472.,10,a_robustus,capture_area,21.6704,1549,1658,71.47999114,76.50989368,2,
PXL_20250813_232323472.,10,a_robustus,capture_area,21.6704,1430,1625,65.98862965,74.98707915,2,
PXL_20250813_232323472.,10,a_robustus,capture_area,21.6704,1361,1572,62.80456291,72.54134672,2,
PXL_20250813_232323472.,10,a_robustus,capture_area,21.6704,1274,1590,58.78987005,73.37197283,2,
PXL_20250813_232323472.,10,a_robustus,capture_area,21.6704,1292,1797,59.62049616,82.92417307,2,
PXL_20250813_232323472.,10,a_robustus,capture_area,21.6704,1125,1866,51.91413172,86.10823981,2,
PXL_20250813_232323472.,10,a_robustus,entrance_width,21.6704,995,1808,45.91516539,83.43177791,2,*entrance 2 cant be determined
PXL_20250813_232323472.,10,a_robustus,entrance_width,21.6704,1128,1870,52.0525694,86.29282339,2,
PXL_20250813_232352380.,11,a_robustus,sensory_area,20.4245,812,2817,39.75617518,137.922593,2,
PXL_20250813_232352380.,11,a_robustus,sensory_area,20.4245,794,2737,38.87488066,134.0057284,2,
PXL_20250813_232352380.,11,a_robustus,sensory_area,20.4245,777,2472,38.04254694,121.0311146,2,
PXL_20250813_232352380.,11,a_robustus,sensory_area,20.4245,561,2247,27.46701266,110.014933,2,
PXL_20250813_232352380.,11,a_robustus,sensory_area,20.4245,668,1783,32.70581899,87.29711866,2,
PXL_20250813_232352380.,11,a_robustus,sensory_area,20.4245,565,1419,27.66285588,69.47538495,2,
PXL_20250813_232352380.,11,a_robustus,sensory_area,20.4245,863,1460,42.25317633,71.48277804,2,
PXL_20250813_232352380.,11,a_robustus,sensory_area,20.4245,913,1348,44.70121668,65.99916767,2,
PXL_20250813_232352380.,11,a_robustus,sensory_area,20.4245,1202,1484,58.85088986,72.6578374,2,
PXL_20250813_232352380.,11,a_robustus,sensory_area,20.4245,1424,1255,69.72018899,61.44581263,2,
PXL_20250813_232352380.,11,a_robustus,sensory_area,20.4245,1619,1668,79.26754633,81.66662587,2,
PXL_20250813_232352380.,11,a_robustus,sensory_area,20.4245,1931,2081,94.54331807,101.8874391,2,
PXL_20250813_232352380.,11,a_robustus,sensory_area,20.4245,1930,2477,94.49435727,121.2759186,2,
PXL_20250813_232352380.,11,a_robustus,sensory_area,20.4245,1698,2407,83.13545007,117.8486621,2,
PXL_20250813_232352380.,11,a_robustus,sensory_area,20.4245,1445,2239,70.74836593,109.6232466,2,
PXL_20250813_232352380.,11,a_robustus,sensory_area,20.4245,1274,2247,62.37606796,110.014933,2,
PXL_20250813_232352380.,11,a_robustus,sensory_area,20.4245,1217,2497,59.58530197,122.2551348,2,
PXL_20250813_232352380.,11,a_robustus,capture_area,20.4245,1155,1958,56.54973194,95.86525986,2,
PXL_20250813_232352380.,11,a_robustus,capture_area,20.4245,1116,1905,54.64026047,93.2703371,2,
PXL_20250813_232352380.,11,a_robustus,capture_area,20.4245,1140,1829,55.81531984,89.54931577,2,
PXL_20250813_232352380.,11,a_robustus,capture_area,20.4245,1095,1775,53.61208353,86.9054322,2,
PXL_20250813_232352380.,11,a_robustus,capture_area,20.4245,920,1839,45.04394232,90.03892384,2,
PXL_20250813_232352380.,11,a_robustus,capture_area,20.4245,1054,2020,51.60469045,98.90082989,2,
PXL_20250813_232352380.,11,a_robustus,capture_area,20.4245,952,2116,46.61068814,103.6010673,2,
PXL_20250813_232352380.,11,a_robustus,capture_area,20.4245,1098,2220,53.75896595,108.6929913,2,
PXL_20250813_232352380.,11,a_robustus,capture_area,20.4245,1198,2091,58.65504664,102.3770472,2,
PXL_20250813_232352380.,11,a_robustus,capture_area,20.4245,1349,2082,66.04812847,101.9363999,2,
PXL_20250813_232352380.,11,a_robustus,capture_area,20.4245,1423,2088,69.67122818,102.2301648,2,
PXL_20250813_232352380.,11,a_robustus,capture_area,20.4245,1507,2123,73.78393596,103.943793,2,
PXL_20250813_232352380.,11,a_robustus,capture_area,20.4245,1518,2036,74.32250483,99.6842028,2,
PXL_20250813_232352380.,11,a_robustus,capture_area,20.4245,1501,1954,73.49017112,95.66941663,2,
PXL_20250813_232352380.,11,a_robustus,capture_area,20.4245,1441,1990,70.55252271,97.43200568,2,
PXL_20250813_232352380.,11,a_robustus,entrance_width,20.4245,1142,1975,55.91324145,96.69759358,2,
PXL_20250813_232352380.,11,a_robustus,entrance_width,20.4245,1187,2037,58.11647776,99.7331636,2,
PXL_20250813_232352380.,11,a_robustus,entrance_width,20.4245,1476,1983,72.26615095,97.08928003,2,
PXL_20250813_232352380.,11,a_robustus,entrance_width,20.4245,1369,1998,67.02734461,97.82369213,2,
PXL_20250813_234920039.,12,a_robustus,sensory_area,17.7481,1756,568,98.94016824,32.00342572,3,
PXL_20250813_234920039.,12,a_robustus,sensory_area,17.7481,1617,531,91.10834399,29.91869552,3,
PXL_20250813_234920039.,12,a_robustus,sensory_area,17.7481,1431,496,80.62834895,27.94665344,3,
PXL_20250813_234920039.,12,a_robustus,sensory_area,17.7481,1530,663,86.20641083,37.35611136,3,
PXL_20250813_234920039.,12,a_robustus,sensory_area,17.7481,1508,784,84.96684152,44.17374254,3,
PXL_20250813_234920039.,12,a_robustus,sensory_area,17.7481,1380,1010,77.75480192,56.90749996,3,
PXL_20250813_234920039.,12,a_robustus,sensory_area,17.7481,1535,1165,86.48813112,65.64082916,3,
PXL_20250813_234920039.,12,a_robustus,sensory_area,17.7481,1477,1372,83.22017568,77.30404945,3,
PXL_20250813_234920039.,12,a_robustus,sensory_area,17.7481,1735,1277,97.756943,71.95136381,3,
PXL_20250813_234920039.,12,a_robustus,sensory_area,17.7481,1806,1454,101.7573712,81.92426232,3,
PXL_20250813_234920039.,12,a_robustus,sensory_area,17.7481,1812,1577,102.0954356,88.85458162,3,
PXL_20250813_234920039.,12,a_robustus,sensory_area,17.7481,2050,1566,115.5053217,88.23479696,3,
PXL_20250813_234920039.,12,a_robustus,sensory_area,17.7481,2473,1598,139.3388588,90.03780686,3,
PXL_20250813_234920039.,12,a_robustus,sensory_area,17.7481,3172,1614,178.7233563,90.93931181,3,
PXL_20250813_234920039.,12,a_robustus,sensory_area,17.7481,2666,1348,150.2132623,75.95179202,3,
PXL_20250813_234920039.,12,a_robustus,sensory_area,17.7481,2575,1210,145.0859529,68.17631183,3,
PXL_20250813_234920039.,12,a_robustus,sensory_area,17.7481,2523,1123,142.1560618,63.27437867,3,
PXL_20250813_234920039.,12,a_robustus,sensory_area,17.7481,2401,885,135.2820865,49.86449254,3,
PXL_20250813_234920039.,12,a_robustus,sensory_area,17.7481,2205,700,124.2386509,39.44084155,3,
PXL_20250813_234920039.,12,a_robustus,sensory_area,17.7481,2299,1058,129.5349925,59.61201481,3,
PXL_20250813_234920039.,12,a_robustus,sensory_area,17.7481,2199,1067,123.9005865,60.11911134,3,
PXL_20250813_234920039.,12,a_robustus,sensory_area,17.7481,2124,1012,119.6747821,57.02018808,3,
PXL_20250813_234920039.,12,a_robustus,sensory_area,17.7481,2084,886,117.4210197,49.9208366,3,
PXL_20250813_234920039.,12,a_robustus,sensory_area,17.7481,2000,759,112.6881187,42.76514106,3,
PXL_20250813_234920039.,12,a_robustus,sensory_area,17.7481,1913,776,107.7861856,43.72299007,3,
PXL_20250813_234920039.,12,a_robustus,sensory_area,17.7481,1840,727,103.6730692,40.96213116,3,
PXL_20250813_234920039.,12,a_robustus,capture_area,17.7481,2577,1354,145.198641,76.28985638,3,
PXL_20250813_234920039.,12,a_robustus,capture_area,17.7481,2464,1380,138.8317623,77.75480192,3,
PXL_20250813_234920039.,12,a_robustus,capture_area,17.7481,2309,1397,130.0984331,78.71265093,3,
PXL_20250813_234920039.,12,a_robustus,capture_area,17.7481,2132,1245,120.1255346,70.14835391,3,
PXL_20250813_234920039.,12,a_robustus,capture_area,17.7481,2012,1214,113.3642474,68.40168807,3,
PXL_20250813_234920039.,12,a_robustus,capture_area,17.7481,1894,1266,106.7156484,71.33157915,3,
PXL_20250813_234920039.,12,a_robustus,capture_area,17.7481,1871,1204,105.4197351,67.83824747,3,
PXL_20250813_234920039.,12,a_robustus,capture_area,17.7481,1970,1118,110.9977969,62.99265837,3,
PXL_20250813_234920039.,12,a_robustus,capture_area,17.7481,2174,1069,122.4919851,60.23179946,3,
PXL_20250813_234920039.,12,a_robustus,capture_area,17.7481,2325,1043,130.999938,58.76685392,3,
PXL_20250813_234920039.,12,a_robustus,capture_area,17.7481,2412,980,135.9018712,55.21717818,3,
PXL_20250813_234920039.,12,a_robustus,capture_area,17.7481,2424,1099,136.5779999,61.92212124,3,
PXL_20250813_234920039.,12,a_robustus,capture_area,17.7481,2292,1135,129.1405841,63.95050738,3,
PXL_20250813_234920039.,12,a_robustus,capture_area,17.7481,1854,797,104.4618861,44.90621531,3,
PXL_20250813_234920039.,12,a_robustus,capture_area,17.7481,1842,916,103.7857573,51.61115838,3,
PXL_20250813_234920039.,12,a_robustus,capture_area,17.7481,1741,961,98.09500735,54.14664105,3,
PXL_20250813_234920039.,12,a_robustus,capture_area,17.7481,1713,881,96.51737369,49.6391163,3,
PXL_20250813_234920039.,12,a_robustus,capture_area,17.7481,1818,786,102.4334999,44.28643066,3,
PXL_20250813_234920039.,12,a_robustus,entrance_width,17.7481,1977,1107,111.3922054,62.37287372,3,
PXL_20250813_234920039.,12,a_robustus,entrance_width,17.7481,2061,1121,116.1251063,63.16169055,3,
PXL_20250813_234920039.,12,a_robustus,entrance_width,17.7481,2172,1067,122.3792969,60.11911134,3,
PXL_20250813_234920039.,12,a_robustus,entrance_width,17.7481,2074,1121,116.8575791,63.16169055,3,
PXL_20250813_234920039.,12,a_robustus,entrance_width,17.7481,1856,838,104.5745742,47.21632175,3,
PXL_20250813_234920039.,12,a_robustus,entrance_width,17.7481,1834,915,103.3350049,51.55481432,3,
PXL_20250814_042929150.,13,a_robustus,sensory_area,16.6,1456,1071,87.71084337,64.51807229,2,
PXL_20250814_042929150.,13,a_robustus,sensory_area,16.6,1802,1000,108.5542169,60.24096386,2,
PXL_20250814_042929150.,13,a_robustus,sensory_area,16.6,2090,1010,125.9036145,60.84337349,2,
PXL_20250814_042929150.,13,a_robustus,sensory_area,16.6,2109,1085,127.0481928,65.36144578,2,
PXL_20250814_042929150.,13,a_robustus,sensory_area,16.6,1871,1179,112.7108434,71.02409639,2,
PXL_20250814_042929150.,13,a_robustus,sensory_area,16.6,1816,1221,109.3975904,73.55421687,2,
PXL_20250814_042929150.,13,a_robustus,sensory_area,16.6,2203,1332,132.7108434,80.24096386,2,
PXL_20250814_042929150.,13,a_robustus,sensory_area,16.6,2308,1493,139.0361446,89.93975904,2,
PXL_20250814_042929150.,13,a_robustus,sensory_area,16.6,2195,1682,132.2289157,101.3253012,2,
PXL_20250814_042929150.,13,a_robustus,sensory_area,16.6,2369,2147,142.7108434,129.3373494,2,
PXL_20250814_042929150.,13,a_robustus,sensory_area,16.6,2507,2178,151.0240964,131.2048193,2,
PXL_20250814_042929150.,13,a_robustus,sensory_area,16.6,2750,1832,165.6626506,110.3614458,2,
PXL_20250814_042929150.,13,a_robustus,sensory_area,16.6,2991,1321,180.1807229,79.57831325,2,
PXL_20250814_042929150.,13,a_robustus,sensory_area,16.6,3194,1098,192.4096386,66.14457831,2,
PXL_20250814_042929150.,13,a_robustus,sensory_area,16.6,2659,1221,160.1807229,73.55421687,2,
PXL_20250814_042929150.,13,a_robustus,sensory_area,16.6,2421,1027,145.8433735,61.86746988,2,
PXL_20250814_042929150.,13,a_robustus,sensory_area,16.6,2507,882,151.0240964,53.13253012,2,
PXL_20250814_042929150.,13,a_robustus,sensory_area,16.6,2484,796,149.6385542,47.95180723,2,
PXL_20250814_042929150.,13,a_robustus,sensory_area,16.6,2391,837,144.0361446,50.42168675,2,
PXL_20250814_042929150.,13,a_robustus,sensory_area,16.6,2329,576,140.3012048,34.69879518,2,
PXL_20250814_042929150.,13,a_robustus,sensory_area,16.6,2205,304,132.8313253,18.31325301,2,
PXL_20250814_042929150.,13,a_robustus,sensory_area,16.6,2235,67,134.6385542,4.036144578,2,
PXL_20250814_042929150.,13,a_robustus,sensory_area,16.6,1881,300,113.313253,18.07228916,2,
PXL_20250814_042929150.,13,a_robustus,sensory_area,16.6,1754,287,105.6626506,17.28915663,2,
PXL_20250814_042929150.,13,a_robustus,sensory_area,16.6,1073,299,64.63855422,18.01204819,2,
PXL_20250814_042929150.,13,a_robustus,sensory_area,16.6,1598,445,96.26506024,26.80722892,2,
PXL_20250814_042929150.,13,a_robustus,sensory_area,16.6,1549,570,93.31325301,34.3373494,2,
PXL_20250814_042929150.,13,a_robustus,sensory_area,16.6,1560,814,93.97590361,49.03614458,2,
PXL_20250814_042929150.,13,a_robustus,capture_area,16.6,2372,879,142.8915663,52.95180723,2,
PXL_20250814_042929150.,13,a_robustus,capture_area,16.6,2448,1078,147.4698795,64.93975904,2,
PXL_20250814_042929150.,13,a_robustus,capture_area,16.6,2745,1244,165.3614458,74.93975904,2,
PXL_20250814_042929150.,13,a_robustus,capture_area,16.6,3074,1166,185.1807229,70.24096386,2,
PXL_20250814_042929150.,13,a_robustus,capture_area,16.6,2877,1456,173.313253,87.71084337,2,
PXL_20250814_042929150.,13,a_robustus,capture_area,16.6,2654,1323,159.8795181,79.69879518,2,
PXL_20250814_042929150.,13,a_robustus,capture_area,16.6,2537,1375,152.8313253,82.8313253,2,
PXL_20250814_042929150.,13,a_robustus,capture_area,16.6,2559,1542,154.1566265,92.89156627,2,
PXL_20250814_042929150.,13,a_robustus,capture_area,16.6,2428,1586,146.2650602,95.54216867,2,
PXL_20250814_042929150.,13,a_robustus,capture_area,16.6,2348,1386,141.4457831,83.4939759,2,
PXL_20250814_042929150.,13,a_robustus,capture_area,16.6,2165,1261,130.4216867,75.96385542,2,
PXL_20250814_042929150.,13,a_robustus,capture_area,16.6,2283,937,137.5301205,56.44578313,2,
PXL_20250814_042929150.,13,a_robustus,capture_area,16.6,2017,533,121.5060241,32.10843373,2,
PXL_20250814_042929150.,13,a_robustus,capture_area,16.6,1844,242,111.0843373,14.57831325,2,
PXL_20250814_042929150.,13,a_robustus,capture_area,16.6,1620,410,97.59036145,24.69879518,2,
PXL_20250814_042929150.,13,a_robustus,capture_area,16.6,1748,682,105.3012048,41.08433735,2,
PXL_20250814_042929150.,13,a_robustus,capture_area,16.6,1853,738,111.626506,44.45783133,2,
PXL_20250814_042929150.,13,a_robustus,capture_area,16.6,1788,1025,107.7108434,61.74698795,2,
PXL_20250814_042929150.,13,a_robustus,capture_area,16.6,1891,906,113.9156627,54.57831325,2,
PXL_20250814_042929150.,13,a_robustus,capture_area,16.6,1994,661,120.1204819,39.81927711,2,
PXL_20250814_042929150.,13,a_robustus,entrance_width,16.6,1998,526,120.3614458,31.68674699,2,
PXL_20250814_042929150.,13,a_robustus,entrance_width,16.6,1971,670,118.7349398,40.36144578,2,
PXL_20250814_042929150.,13,a_robustus,entrance_width,16.6,2404,854,144.8192771,51.44578313,2,
PXL_20250814_042929150.,13,a_robustus,entrance_width,16.6,2304,961,138.7951807,57.89156627,2,
